,title,len,tag
0,"['授業', '動画', 'アップ', '学習', '効果', '生徒', '活用', '事例']",8,0
1,"['これから', '社会', '必要', 'ソフト', 'スキル', 'WWL', '拠点', 'コロナ', '禍', '世界', 'つながる', 'リーダーシップ', '教育', '挑戦']",14,0
2,"['自由', 'ポジティブ', 'フィンランド', '教育', '実態', '魅力', '課題', 'フィンランド', '小中学校', '現地', 'レポート']",11,1
3,"['授業', '動画', 'Google', 'ドライブ', 'アップ', 'しよ', '生徒', '共有']",8,0
4,"['Google', 'for', 'Education', '機能', '発表', '名称', '変更', '有料', 'オプション', '追加']",10,0
5,"['学習', 'ノート', '共有', 'サービス', 'Clear', '提供', 'CLEAR', 'コクヨ', 'グループ', '参加']",10,0
6,"['授業', '動画', 'コンテンツ', 'やっ', '撮影', '学校', '現場', 'すぐ', '手順', '紹介']",10,0
7,"['授業', '撮影', '3500', '本', '授業', '動画', 'アップ', 'ねらい', '効果']",9,0
8,"['講義', 'オンライン', 'もたらし', '恩恵', '反転', '授業', '実践', 'むけ']",8,0
9,"['大人', '子ども', '良い', 'フォーカス', 'アプローチ', 'フィンランド', '教育', '現場', '見る', 'ヒント']",10,0
10,"['プログラミング', 'SDGs', '広めよ', '総合', '学習', '実践']",6,0
11,"['AI', '教材', 'atama', 'plus', '立', '命', '館', '連携', '新しい', '高大', '接続', '入試', '在り方', '共同', '研究', '設立']",16,0
12,"['フィンランド', 'ヨーロッパ', '各国', '注目', 'アントレプレナーシップ', '教育', '実態']",7,0
13,"['忙しく', '子ども', 'しっかり', '向き合える', '学校', '違う']",6,0
14,"['オンライン', '環境', '中高生', 'PBL', '支援', '得', '教訓', '教師', '学生', '教え', '支援']",11,0
15,"['企業', '家計', '政府', '知恵', '絞り', '現れる', 'コロナ', '対策', '欠け', '好機', '視点']",11,0
16,"['佐藤', '協', '治', '文教堂', 'グループ', 'ホールディングス', '社長', '地域', '得意', '客', '株主', '書店', '一緒', '築く']",14,1
17,"['最低', '賃金', '引き上げ', '雇用', '減', '時代遅れ', '議論', '捨て', 'なさい']",9,0
18,"['米', '同盟', '大きく', '動かす', 'バイデン', '政権', '軍事', '政策']",8,0
19,"['上旬', '総合', '国土', '空間', '規', '画', '策定', '現代', '版', '万里', '長城', '構築']",12,0
20,"['株式', '資産', '価格', '押し上げ', 'いる', '金利', '量', '議論', '回帰']",9,0
21,"['格差', 'ない', '未来', '創れる', 'イノベーティブ', '公平', '未来', '地球', '燃え', 'いる', '気候', '崩壊', '人類', '救う', 'グリーン', 'ニューディール', '提言']",17,0
22,"['門真', '大阪', ']', 'パナソニック', '城下町', '進化', '期待', '教育', '産業', '住居', '整備', '注ぐ']",12,1
23,"['フルタイム', '働く', '人材', 'よく', 'なっ', 'リモート', '実現', '副業', '人材', '戦略', '活用']",11,0
24,"['石橋', '秀一', 'ブリヂストン', '取締役', '代表', '執行', '役', 'Global', 'CEO', '稼ぐ', '構築', '自動車', '産業', '変化', '勝つ']",15,0
25,"['見え', 'トレンド', 'コロナ', '世界', 'こう', '変わる']",6,0
26,"['始まっ', 'シリコンバレー', 'コロナ', '加速', 'テックジット']",5,0
27,"['いまだ', '残る', '出生', '制限', '緩和', '撤廃', '検討', '子ども', '激減', 'っ子', '政策', '論争']",12,0
28,"['はしゃぎ', 'すぎ', 'スーパー', 'サイクル']",4,0
29,"['医療', '崩壊', '真実', 'サイバーグレートゲーム', '政治', '経済', '技術', 'データ', 'めぐる', '地政学']",10,0
30,"['函館', '北海道', ']', '歴史', '港', '観光', '街', '訪日', '客', '減', 'インフラ', '構築']",12,1
31,"['日本', '比べ', '格段', 'スピード', '規模', '英国', 'ワクチン', '作戦', '見る', '戦争', '記憶']",11,0
32,"['三枝', '富', '博', 'イトーヨーカ堂', '社長', '細かい', '対応', '総合', 'スーパー', '成長']",10,0
33,"['ワクチン', 'ゼロ', '金利', '終わり', '経済', '正常', '世界', '揺れ']",8,0
34,"['左右', 'ポピュリスト', '共闘', '大衆', '怒り', '生む', '構図']",7,0
35,"['武力', '行使', '執行', '管轄', '権', '行使', '差異', '海', '警法', '尖閣', '奪取', '布石']",12,0
36,"['所得', '支援', '重要', '課題', 'ワクチン', 'めぐる', '新興', 'リスク']",8,0
37,"['でたらめ', '科学', 'サイコロ', '量子', 'コンピューター', '日本人', '健康', '社会', '科学']",9,0
38,"['長町', '宮城', '仙台', '太白', ']', '注目', '集める', '仙台', '都心']",9,1
39,"['社会', '責任', '優先', '論調', '経営', '信念', '問わ', '時代', '到来']",9,0
40,"['髙松富', '也', 'ダイドーグループホールディングス', '社長', '鬼', '滅', '効果', '残る', '缶', 'コーヒー', '一手']",11,0
41,"['アポロ', '計画', 'ムーン', 'ショット', '教訓', '国家', '産業', '革新', '先導']",9,0
42,"['アマゾン', '労組', '誕生', 'GAFA', '火種']",5,0
43,"['背景', 'プライバシー', '意識', '高まり', '民間', '顔', '認証', '警戒', '声', '強まる']",10,0
44,"['財', 'サービス', '価格', 'インフレ', 'オオカミ', 'もう', '来']",7,0
45,"['アート', '思考', 'づくり', '101', '現役', '医師', '死な', '生活', 'ファシズム', '偏流', 'ジャック・ドリオ', 'フランス', '人民', '党']",14,0
46,"['伊勢', '三重', ']', '伊勢参り', '固定', 'ファン', '獲得']",7,1
47,"['今後', '発生', 'コスト', 'メリット', '比較', '必要', '東京', '五輪', '開催', 'めぐる', '損得', '勘定']",12,0
48,"['藤井', '輝夫', '東京大学', '次期', '総長', '大学', '発展', 'いく', '共感', '得る', '重要']",11,0
49,"['初', '女性', '初', '黒人', '初', 'オンパレード', '老練', 'バイデン', '大統領', '清新', '骨太', '政権', '運営']",13,0
50,"['始まっ', '規制', '強化', 'うねり', '政権', '増す', '門番', '役', '重み']",9,0
51,"['Go', 'To', 'トラベル', '正反対', '施策', '周到', '春節', '移動', '封じ込め']",9,0
52,"['現行', '法制', '取り締まる', '難しい', '米', '個人', '投資', '結託', '問題']",9,0
53,"['渋沢', '栄一', '日本', 'インフラ', '創っ', '民間', '経済', '巨人', '日本', '経済', '長期', '停滞', '実証', '分析', '明らか', 'メカニズム']",16,0
54,"['静岡', '静岡', ']', '穏やか', '住み', 'よい', '街', '子育て', '支援', '充実']",10,1
55,"['規模', '予防', '接種', '経験', 'ワクチン', '接種', 'いかに', '円滑']",8,0
56,"['田中', '晃', 'WOWOW', '社長', '放送', '局', '意識', '捨て', '独自', 'コンテンツ', '勝負']",11,0
57,"['使っ', '策謀', '民主', '主義', 'ゆっくり', '絞め殺す', '世界', '右派', 'ポピュリスト', 'トランプ', '狡猾']",11,0
58,"['過熱', '韓', '内輪もめ', 'バイデン', '静か', 'ねじ伏せる']",6,0
59,"['米国', '海洋', '覇権', '足元', '揺るがす', '国際', 'ルール', '逸脱', '海', '警法']",10,0
60,"['市場', '投機', '金融', '政策', '及ぼす', '影響', '株価', '上昇', '永遠', 'サイクル']",10,0
61,"['河田', '嗣郎', '男女', '平等', '思想', '近代', '日本', '婦人', '問題', 'ジェンダー', '密', '疎', '社会', '戦略', 'ネットワーク', '分析', '迫る', 'リモート', 'シフト']",19,0
62,"['武蔵小金井', '東京', '小金井', ']', '学校', '街', 'タワマン', '街']",8,0
63,"['業種', '業績', '格差', '拡大', 'すれ', '労組', '逆風', 'コロナ', '春闘', '賃上げ', '偏る', 'ない']",12,0
64,"['森川', '宏', '平', '昭和電工', '社長', '世界', '戦える', '会社', '優', '先度', '低い', '事業', '切り出し']",13,0
65,"['家賃', '持てる', '夢', '叶え', 'ユニーク', '賃貸', '暮らし']",7,1
66,"['新築', 'マンション', '購入', '水害', '心配', '入居', '防災', '対策', '画期的', 'まち', '防災']",11,0
67,"['愛する', '地元', '守る', '防災', 'エキスパート', '育成', '亀有', '始まる', 'まち', '防災']",10,0
68,"['復興', '記憶', '風化', '東北', '復興', '文庫', '立ち', '上げ', '本', '#']",10,0
69,"['海抜', 'm', '地帯', '住む', '親', '助け合える', '地域', 'つながり', 'づくり', 'まち', '防災', '#']",12,0
70,"['住み', '街', '埼玉', '躍進', 'コロナ', '禍', '目覚め', '地元', '愛']",9,1
71,"['持てる', '賃貸', '暮らし', 'コロナ', '禍', 'テレワーク', '以外', '職', '住', '融合', '進む']",11,1
72,"['住宅', 'ローン', '金利', '株価', '考察', '住宅', '市場', '傾向']",8,0
73,"['コロナ', '禍', '自宅', '売り', '増え', '売却', '理由']",7,0
74,"['あなどれ', '木造', 'マンション', 'オフィス', 'ビル', '建て', '最新', '事情']",8,0
75,"['横浜', '駅', '60', '以内', '中古', 'マンション', '価格', '相場', '安い', '駅', 'ランキング', '年版']",12,0
76,"['拠点', '生活', '小・中学校', 'コロナ', '禍', '高まる', 'ニーズ', '受け']",8,1
77,"['拠点', '生活', 'ブーム', '賃貸', '物件', '変わる', '家賃', '下げ']",8,1
78,"['ごみ捨て', '憩い', 'サロン', '奈良', '生駒', 'こみ', '面白い']",7,1
79,"['祖母', '思い出', '住み', '開き', '地域', '子育て', '防災', '住まい']",8,1
80,"['不動産', '家事', '代行', '!?', '電球', '交換', '虫', '駆除', '悩み', '100']",10,1
81,"['山手', '30', '駅', '家賃', '相場', '安い', '駅', 'ランキング', '年版']",9,0
82,"['長引く', 'コロナ', '禍', '大学生', 'オンライン', '授業', '継続', '学生', '部屋', '探し', '影響']",11,0
83,"['熱海', 'まるごと', '!?', '高齢', '人口', '減少', '進む', '観光', 'まち', '居住', '始まる']",11,1
84,"['山手', '沿線', '中古', 'マンション', '価格', '相場', '安い', '駅', 'ランキング', '年版']",10,0
85,"['商店', '街', '百貨店', 'シェア', 'ハウス', '!?', '北九州', '寿', 'つくる', '商店', '街', 'スタンダード']",12,1
86,"['コロナ', '禍', 'クリエイター', '石巻', '集結', '空き家', 'シェア', 'ハウス', '地域', '貢献']",10,1
87,"['震災', 'コロナ', '自然', '災害', 'づくり', '意識', '変わっ']",7,0
88,"['テレワーク', '育休', '取得', '新米', 'パパ', '挑戦', 'クラシゴト', '改革']",8,0
89,"['コロナ', '禍', '高まる', '移住', '熱', '田舎', '暮らし', '本', '編集', '長', '注目', '地域', '特徴']",13,1
90,"['空間', 'デザイナー', 'SUUMO', '編集', '長', '対談', 'これから', '時代', 'LDK', '４つ', '変化', 'トレンド']",12,0
91,"['コロナ', '禍', '首都', '圏', '中古', '住宅', '市場', '動い']",8,0
92,"['横浜', '駅', '60', '以内', '新築', '中古', '一戸建て', '価格', '相場', '安い', '駅', 'ランキング', '年版']",13,0
93,"['縄文', '竪穴', '住居', '暮らし', '送っ']",5,0
94,"['震災', '記憶', '次世代', '伝える', '取り組み', '遺構', '続々']",7,0
95,"['コロナ', '禍', 'ファミリー', 'ルーティン', '発生', '住まい', '影響']",7,0
96,"['大好き', 'すぎ', '移住', '水曜', '札幌', 'なっ', '船橋']",7,0
97,"['震災', '無人', 'なっ', '南', '相馬', '小高', '地区', 'ゼロ', 'まち', 'おこし', '実', '結ぶ']",12,1
98,"['さいたま', '都民', '地元', '愛', '付ける', 'サーキュレーション', 'さいたま', '全国', '広がる', 'サード', 'コミュニティ', '11']",12,1
99,"['コロナ', '影響', '不動産', '市場', '行方']",5,0
100,"['20', '代', 'これから', '住まい', '選び', '変える', '多様', '許容', '柔軟', '世代']",10,0
101,"['東京', '23', '家賃', '相場', '安い', '駅', 'ランキング', '年版']",8,0
102,"['東京', '23', '中古', 'マンション', '価格', '相場', '安い', '駅', 'ランキング', '年版']",10,0
103,"['コロナ', '禍', 'テレワーク', '家族', '暮らす', '選択', 'クラシゴト', '改革']",8,1
104,"['美', '大', '生', '伝説', 'アパート', 'DIY', '放題', '住み', '継ぐ']",9,1
105,"['住宅', '取得', 'リフォーム', '支援', '制度', 'ポイント', '解説']",7,0
106,"['暖かい', '地方', '無断', '熱', 'いい', '鹿児島', '冬季', '死亡', '増加', '率', 'ワースト']",11,0
107,"['京都', '近所', '付き合い', '現代', '生活', '一部', 'シェア', 'コレクティブハウス', '暮らし']",9,1
108,"['リノベーション・オブ・ザ・イヤー', '見る', '最新', 'キーワード', 'コロナ', '禍', '影響']",7,0
109,"['住宅', '市場', '住宅', 'トレンド', '都心', '郊外']",6,0
110,"['ゴミ', '人間', '本性', '出る', 'ゴミ', '清掃', '芸人', 'マシンガンズ', '滝沢', 'インタビュー']",10,0
111,"['パリ', '暮らし', 'インテリア', '壁', 'カラー', 'リング', '狭く', '暗い', '部屋', '変身', '建築', 'アパルトマン']",12,0
112,"['レオナルド', 'ダ・ヴィンチ', '最後', '館', 'クリエイティブ', '息づく', '住まい', '偉人', '宅', '訪問']",10,0
113,"['孤独', '死', '増加', '遺留', '処分', '問題', '危機', '高まる']",8,0
114,"['高齢', '障', 'まぜ', '暮らす', '空き家', '活用', '街', '輪島', 'KABULET']",9,0
115,"['在宅', '密か', '進行', 'サイレント', 'うつ']",5,0
116,"['Dove', 'AXE', '欧米', 'ブランド', 'ジェンダー', '平等', '歩み']",7,0
117,"['対', '初対面', '気軽', 'オンライン', '飲み', '多様']",6,0
118,"['コロナ', '禍', '事業', '拡大', '好機', 'テレ', 'ワーク', '需要', '変える']",9,0
119,"['週休', '大', '週休', '期待', '不安']",5,0
120,"['森', '発言', '契機', 'ダイバーシティ・ポジティブ', '経営']",5,0
121,"['コロナ', '禍', '渋沢', '栄一', '対処']",5,0
122,"['新型', 'コロナ', '封じ込め', 'ベトナム', '手洗い', '普及', '活動', '課題', '解決', '両立', 'ビジネス', 'モデル']",12,0
123,"['電動', '車', '普及', '部品', 'メーカー', '消滅', '海外', '勢', '提携', '活路']",10,0
124,"['ジョブ', '型', '成果', '主義', '誤解']",5,0
125,"['本能寺', '変', '信長', '死角', 'ガバナンス', '軽視', '企業', 'トップ', '解任', '劇']",10,0
126,"['本能寺', '変', '光秀', '決起', '転職', 'エグゼクティブ']",6,0
127,"['御社', 'なぜ', '存在', 'パー', 'パス', '問わ', '理由']",7,0
128,"['オンライン', '飲み', '盛り上げる', 'MC', '傾聴']",5,0
129,"['自動車', 'ニュー', 'ノーマル', 'ポイント']",4,0
130,"['オンライン', '会議', '部屋', '映せ', 'キャラ', '立てる']",6,0
131,"['イノベーション', '技術', '革新', '誤訳', '日本', '企業', '歴史', '学べ']",8,1
132,"['常識', '通用', 'グーグル', '陥っ', '激動期', 'トラップ']",6,0
133,"['地方', '移住', '成功', '戦略', '壁', '風穴', '地域', '新風']",8,1
134,"['参天製薬', 'コマツ', 'ERP', '導入', 'わかる', '経営', 'センス']",7,0
135,"['バイアス', '抑制', '辛口', '評価', 'ウェブ', '面接', '適性', '見極め']",8,0
136,"['テレ', 'ワーク', '地方', '移住', '落とし穴', 'ムラ', '社会', '家族']",8,1
137,"['アドビ・', 'AOKI', '牛', '角', 'サブスク', '成否', '分け', '条件']",8,0
138,"['リアル', 'オンライン', '入社', '意欲', '高める', '構造', '面接']",7,0
139,"['GAFA', '批判', '示す', '独占', '系譜', '米', '競争', '戦略']",8,0
140,"['オンライン', '会議', 'キャラ', '立て', '距離', '縮めよ']",6,0
141,"['東大', 'ゴール', '開成', '校長', '反骨', '人生']",6,0
142,"['400', '教訓', 'トヨタ', 'ホンダ', 'なぜ', '時代', 'ワナ', '回避', 'でき', '?']",10,0
143,"['テレ', 'ワーク', '地方', '移住', '落とし穴', 'ムラ', '社会', '家族']",8,1
144,"['Go', 'To', 'トラベル', '停止', '経済', '損失', '5000']",7,0
145,"['魅惑', 'スパイ', 'スライス', 'ビリ', 'ヤニ', 'キ']",6,0
146,"['煮', '味噌', '煮', '変わり種', '44', '缶', '食べ', '比べ', 'イケ', 'サバ', '缶', 'Best']",12,0
147,"['うどん', '!?', '担々麺', '!?', '東京', '唯一', '無二', '醤油', 'ラーメン']",9,0
148,"['迫力', '海苔', '弁', '革命', '戦士', '山田', '水産', 'さば', 'カツ', '海苔', '弁当', '至福', '鯖', '選']",14,0
149,"['土産', '最高', '元祖', 'ヨコハマ', 'シウマイ', '物語']",6,0
150,"['石', '焼き芋', 'なぜ', '石', '焼く', '石', '焼け', 'いい', '石屋', '直撃', '!!']",11,0
151,"['食', 'わかっ', '本当に', '旨い', '鶏肉', '缶詰', 'ランキング', 'BEST']",8,0
152,"['話題', '無印', '良品', '替り', '弁当', '人気', 'ワケ']",7,0
153,"['東京', '旅行', '気分', '北海道', '広島', '沖縄', '郷土', '料理', '旨い']",9,1
154,"['都心', '団地', '密集', 'リトル', 'ベトナム', '潜入']",6,1
155,"['ブレイク', '必至', '東京', '絶品', 'カレー', 'パン', '選']",7,0
156,"['東京', '駅', 'グランスタ', '東京', '買う', '手土産']",6,0
157,"['いつも', '飲み', '旅', '気分', '東京', '駅', '買える', 'つまみ', '日本', '一周']",10,1
158,"['いえ', '揚げ', '増え', '?', 'ナゼ', '探る']",6,0
159,"['SDGs', 'テレビ', '挑戦']",3,0
160,"['ばあちゃん', '恋人', '希代', '郎']",4,0
161,"['英語', '学ぶ', 'サステナビリティ']",3,0
162,"['震災', '東北', 'もたらさ', '新しい', '価値']",5,0
163,"['組織', '運営', '透明', 'ダイバー', 'シティ']",5,0
164,"['小泉', '環境', '相', 'バタリー', 'ケージ', '推奨']",6,0
165,"['地域', 'おせっかい', '困窮', '子ども', '居場所']",5,1
166,"['190', '経済', '効果', 'グリーン', '成長', '戦略', '学習']",7,0
167,"['コロナ', '失業', '長期', '生活', '保護', 'ためらわ']",6,0
168,"['災害', 'ボラ', '歩ん', '活動', '続く']",5,0
169,"['ミシュラン', 'タイヤ', '100', '持続']",4,0
170,"['英国', 'ロレアル', 'アマゾン', '女性', '理系', '進出', '支援']",7,0
171,"['11', '最大', '鎮魂', '竹村', '眞一']",5,0
172,"['起業', 'つきまとう', '不安', '乗り越える']",4,0
173,"['ワイガヤ', '集まる', '環境', '寄り合い', '推進']",5,1
174,"['進歩', 'サステナブル', '素材', '最大', '壁']",5,0
175,"['ブーム', '乗る', '地方', '移住', '定着', '拡大', '条件']",7,1
176,"['エキゾチックペット', '用心', '95', '規制', '強化']",5,0
177,"['ヤフー', 'LINE', '防災', '連携', '経営', '統合', '加速']",7,0
178,"['日本', 'コカ', '再生', 'PET', '割', '達成', '22', '50']",8,0
179,"['コロナ', '実質', '失業', '女性', '103', '男性', '43']",7,0
180,"['小泉', '環境', '相', '社会', '変革', 'カーボンニュートラル', '実現']",7,0
181,"['環境', '倫理', 'デジタル', 'ポスト', 'コロナ', '企業', '経営']",7,0
182,"['ジェンダー', '改革', '日本', '一気に', '進む', 'OECD', '村上', '氏']",8,0
183,"['トヨタ', 'SDGs', '強化', '5000', '社債', '発行']",6,0
184,"['探す', '生かさ', '意味', '311', 'キャンドル', '灯し']",6,0
185,"['ZHD', 'LINE', '経営', '統合', '完了', '課題', '解決', '強化']",8,0
186,"['新型', 'コロナ', '寄付', '増', '世界', '70', 'カ国', '団結']",8,0
187,"['イケア', '家具', '材料', '森林', '買収', 'ワケ']",6,0
188,"['グリーン', '債', '独自', 'プレミアム', '存在']",5,0
189,"['LGBT', '差別', '禁止', '求め', 'NGO', '署名', '活動']",7,0
190,"['世界', '最も', '倫理', '企業', '花王', '連続', '選定']",7,0
191,"['ESG', 'アワード', 'BNP', 'パリバ', '環境', '大臣', '賞']",7,0
192,"['原田', '勝広', '視点', '焦点', '震災', 'ハタチ', '基金']",7,0
193,"['大手', '製造', 'メーカー', 'エンジニア', 'シニア', '起業']",6,0
194,"['コロナ', '見え', 'つながり', '世界', 'ダウン症', '向け']",6,0
195,"['食品', 'ロス', '染料', 'タビオ', 'サステナブル', '靴下']",6,0
196,"['愛好', '増える', 'サステナブルワイン']",3,0
197,"['シャボン', '木製', '母親', '目線', 'プラ', '玩具']",6,0
198,"['ネット', 'ゼロ', 'エンジン', 'EU', 'タクソノミー']",5,0
199,"['企業', '価値', '向上', '説得', 'ストーリー', '作り方']",6,0
200,"['なぜ', '多様', '重要', 'コロナ', '差別', '気付く']",6,0
201,"['B', 'リーグ', 'クラブ', '初めて', '気候', '行動', '枠組み', '認定', '団体']",9,0
202,"['洋服', '青山', 'サステナビリティ', '認証', '男性', 'シャツ']",6,0
203,"['英国', 'グリーン', '革命', '炭鉱', '開発', '矛盾']",6,0
204,"['森', '発言', '示し', '問題', '本質', '藻', '谷', '浩', '介']",9,0
205,"['キリン', '震災', '復興', '続け', '分かっ']",5,0
206,"['国連', '地球', '負荷', '加味', '人間', '開発', '指数', '論説', 'コラム']",9,0
207,"['生存', '率', '%、', '障', '娘', '教え', 'くれ']",7,0
208,"['しんどい', '親子', '本音', '全力', '支える', '西成', 'NPO']",7,0
209,"['学生', '清', '走', '海', 'ごみ', '対策', '海', 'なし', '長野', '高校生', '取り組む', '海洋', 'ごみ', '問題']",14,1
210,"['若手', '漁師', '活動', '先生', '海', '日本', 'プロジェクト', 'キッカケ', '芽生え', '海', '魅力', '伝え']",12,1
211,"['湖上', 'スポーツ', '拠点', '作り', 'パラローイング', '団体', '代表', '琵琶湖', '大会', '開催']",10,1
212,"['バリアフリー', '海', '第一歩', '山形', 'マリンパーク', 'せき', '設置', '常設', 'スロープ']",9,1
213,"['陸奥湾', 'アマモ', '守る', '経営', '日本一', '減少', 'いる', 'アマモ', '再生', '奮闘', '志田', '崇']",12,1
214,"['ごみ', 'SNS', '映え', 'マッチング', '沖縄', '若者', '進める', '新しい', 'ごみ', '拾い', '仕組み']",11,1
215,"['世代', '海女', '漁師', '取り組み', 'アイデア', '海女', '発祥', '鐘崎', '盛り上げる', '若き', '海女', '漁師']",12,1
216,"['日本', '最古', '級', '灯台', '脚光', '！～「', '恋する', '灯台', '認定', '盛り上がる', '淡路島', '江', '埼灯台']",13,1
217,"['学生', '海', '生き物', 'ロボ', '授業', '地元', '三重', 'スズキ', 'イルカ', 'リアル', '再現', 'ロボット', '環境', '教育', '活動']",15,1
218,"['大麦', 'ストロー', '製品', 'アサヒビール', '協力', '高校生', '賛同', '広がる', 'プラ', 'ごみ', '削減']",11,1
219,"['海', 'クイズ', '王', '学校', 'ヒーロー', 'クイズ', '王', '古川', 'プロデュース', '子ども', '海', 'クイズ', '王', 'プロジェクト']",14,1
220,"['介護', 'スタッフ', '無料', 'PCR', '検査', '毎週', '目安', '日本', '財団', '実施']",10,0
221,"['院内', '学級', '生徒', '海中', '体験', '！～', 'Virtual', 'Ocean', 'Project', '実施', 'オンライン', '授業', '水中', 'ローン', 'VR']",15,1
222,"['水族館', 'オンライン', '授業', 'オンライン', '謎', '解き', '海', '水族館', '先駆け', '行わ', '海洋', '問題', '授業']",13,1
223,"['全国', '熱源', 'か月', '巡り', 'ゴール', '熱源', 'サミット', '向け', '展開', '熱源', 'プロジェクト']",11,1
224,"['コロナ', '禍', '高校生', '熱闘', '！～', 'ごみ', '拾い', '高校生', 'チャンピオン', '決定', 'スポ', 'GOMI', '甲子園']",13,1
225,"['コロナ', '禍', '全国', '水辺', '事故', '減少', '救助', '出動', '件数', '裏', '海', '安全', '守る', '人達', '活動', '！？～']",16,1
226,"['全国', '巡る', '海', '繋ぎ', '東西', '日本', '各地', '海', '魅力', '課題', '発信', 'いく', '熱源', 'キャラバン']",14,1
227,"['Go', 'To', '灯台', '！～', '全国', '各地', '灯台', '一般', '公開', '行う', '海', '灯台', 'ウィーク']",13,1
228,"['30', '海', 'ご馳走', '無い', '？～', 'サンマ', 'あんこう', '魚', '食べ', '海', '海', 'ごちそう', 'ウィーク']",13,1
229,"['厳選', 'グルメ', '食', '海', '絶品', '海', 'グルメ', '販売', '全国', '海', '贈り物', 'フェア', '」～']",13,1
230,"['育て', 'ヒラメ', '最後', '小学校', '海', '魚', '養殖', '陸', '養', 'プロジェクト']",10,1
231,"['旬', 'エビ', '巨匠', 'ロス', 'なし', '料理', '海洋', 'ごみ', '問題', 'フード', 'ロス', 'エビフェス']",12,1
232,"['J', 'チーム', '海', 'ごみ', '最優秀', '賞', '日本', '財団', '環境省', '主催', '海', 'ごみ', 'ゼロ', 'アワード']",14,1
233,"['オーシャンビュー', '客室', '花見', '宿泊', 'プラン', '個室', 'テラス', 'こもり', '花見', 'リゾナーレ', '熱海', '期間', '限定', '販売']",14,0
234,"['コロナ', '保険', '付', 'テーマパーク', '入場', '券', '登場', 'USJ', 'ハウステンボス', 'タビナカ', '予約', 'クルック', '発売']",13,0
235,"['カバン', '移住', '体験', '富山', '企業', '試し', 'サービス', '開始', '地方', '暮らし', '人口', '拡大']",12,1
236,"['国交', '省', '次世代', '航空', 'モビリティ', '企画', '設置', '空', '飛ぶ', 'クルマ', '事業', 'ドローン', '目視', '飛行', '目指し']",15,0
237,"['ANA', 'デジタル', '健康', '証明', 'IATA', 'トラベル', 'パス', '実証', '開始', 'コロナ', '検査', '結果', 'ワクチン', '接種', '記録', 'アプリ', '管理']",17,0
238,"['ウィラー', '定額', '制', 'オンデマンド', '移動', 'サービス', '本格', '展開', '自宅', 'キロ', '圏', '月額', '5000', '移動']",14,1
239,"['マリオット', '駅', '隣接', 'ホテル', '軒', '開業', '積水ハウス', '共同']",8,0
240,"['レンタカー', '利用', '意向', '増', '密', '回避', '移動', '顧客', '満足', 'トヨタ', 'レンタカー', '首位']",12,0
241,"['温泉', '選挙', '環境', '大臣', '賞', '松之山', '温泉', 'ワーケーション', '山形', '肘', '折', '温泉', '評価']",13,1
242,"['豪州', 'ビクトリア', '州', 'エコ', '観光', '体験', 'コアラ', '野生', '動物', '遭遇', '利益', '環境', '保全', '事業', '還元']",15,1
243,"['ハワイ', 'カウアイ', '島', '事前', '検査', 'プログラム', '再開', '陰性', '証明', '自己', '隔離', '免除']",12,0
244,"['アメリカン', '航空', 'アジア', 'オセアニア', '路線', '運賃', 'ベーシック', 'エコノミー', '料金', '導入']",10,0
245,"['ナビタイム', '検索', '複数', '目的', 'ルート', '比較', '外出', '選択', 'かん']",9,0
246,"['HIS', 'オンライン', 'ツアー', '参加', '突破', '世界', '一周', '体験', 'ツアー', '累計', '3600']",11,0
247,"['ナビタイム', '台場', 'MaaS', '実証', '実験', '開始', 'バーチャル', '観光', '混雑', '回避', 'ルート', '提案']",12,0
248,"['スマホ', '操作', 'クセ', 'なりすまし', '見抜く', '行動', '生体', 'AI', '認証']",9,0
249,"['世界', 'IR', '大手', 'サンズ', 'ラスベガス', '撤退', 'ザ・ベネチアン', '売却', 'アジア', '集中', 'デジタル', '事業', '模索']",13,0
250,"['持続', '観光', 'アドベンチャー・ツーリズム', '関心', '高まる', '環境', '与える', 'インパクト', '意識']",9,1
251,"['世界', '出張', '旅行', '完全', '回復', '2025', '予測', 'アジア', 'けん引', '西', 'ヨーロッパ', '回復', '遅い', '懸念']",14,0
252,"['観光', '庁', '小中学生', '観光', '意義', '伝える', '観光', '教育', '普及', '教育', '向け', 'フォーラム', '開催']",13,1
253,"['テレコムスクエア', '海外', '出張', '緊急', '事態', '発生', '退避', '手配', 'サービス', '保険', '適用', '有事', '対応']",13,0
254,"['レゴランド', 'パーク', '全体', '舞台', '体験', '型', 'アクティビティ', '導入', '誕生', 'サプライズパッケージ']",10,0
255,"['欧州', '連合', 'デジタル', 'グリーン', 'パス', '構築', '向け', '議会', '法案', '提出', '観光', 'シーズン', '導入', '視野']",14,0
256,"['日本人', '宿泊', '割', '減', '緊急', '事態', '宣言', '発出', '12', '大幅', '悪化', '客室', '稼働', '率', '割', '\u3000－', '観光', '庁', '速報']",19,0
257,"['車中', '泊', 'カーステイ', 'CMO', '田端', '信太郎', '氏', '取締役', 'セールス', 'マネージャー', '野瀬', '氏', '就任']",13,0
258,"['ワーケーション', '首都', '圏', 'スタート', 'アップ', '企業', '向け', '体験', 'プログラム', '開発', 'WAmazing', '社', '雪国', '観光', '圏', '連携']",16,0
259,"['アメリカン', '航空', '飛行', 'コロナ', '検査', 'マイル', '購入', '検査', 'キット', '2000', 'マイル']",11,0
260,"['民泊', 'エアビー', '上場', '初', '決算', '発表', '年度', '売上', '減少', '割', 'とどまる', 'テレ', 'ワーク', '利用', '需要']",15,0
261,"['モルディブ', '観光', '客', '順調', '回復', 'インド', '映画', 'スター', 'SNS', '奏功', 'すでに', '入国']",12,0
262,"['変', 'ホテル', '舞浜', '子ども', '向け', 'プログラミング', '学習', 'プラン', '客室', 'ロボホン', '利用', '日帰り']",12,0
263,"['ANA', '緊急', '事態', '宣言', '解除', '見据え', '国内線', '復', '便', '運航', '率', '当初', '計画', '半分']",14,0
264,"['三井不動産', '好き', 'ホテル', '選べる', '月額', '定額', 'プラン', '販売', '拠点', '生活', 'テレワーク', '利用', '提案']",13,1
265,"['英国', 'G', '首脳', '会議', 'ワクチン', 'パスポート', '構築', '呼びかけ', '公正', '一貫', '仕組み']",11,0
266,"['ホテル', '宿泊', '客', 'スマホ', 'TV', 'リモコン', 'アルメックス', '社', 'システム', '滞在', '状況', '可視']",12,0
267,"['NTT', '東日本', 'AI', '観光', 'アシスタント', '東北', 'ハウス', '出展', '質問', '回答', '好き', '画像', 'モデル', 'コース', '案内']",15,0
268,"['星野リゾート', '平日', '限定', '専用', 'プラン', '発売', '泊', '4000', 'ソロ', '温泉', '提案']",11,0
269,"['熊本', '黒川', '温泉', 'あか', '牛', 'ファンド', '設立', '食べる', '草原', '維持', '資源', '循環', '食', '50', '寄付']",15,0
270,"['湯', 'リゾート', '愛犬', '泊まる', '温泉', '旅館', '開業', '石川', '片山津温泉']",9,0
271,"['滋賀', '栗東', '観光', '協会', 'サイクリング', 'スタンプ', 'ラリー', 'びわ湖', '一周', '自転車', 'アプリ', 'スポット', '巡り']",13,1
272,"['横浜', '観光', 'コンベンション', 'ビューロー', 'ハマ', 'っ子', '選ぶ', 'パン', '公開', '観光', '情報', '特集', 'ページ']",13,1
273,"['東京', '北', '青天', '衝け', '大河ドラマ', '館', 'JTB', 'KNT', '共同', '運営', '入場', '日時', 'ネット', '事前', '指定']",15,0
274,"['都市', 'ドライブ', '圏', '小型', 'キャビン', '展開', '米', 'アウトドア', '宿泊', '運営', '会社', '4200', 'ドル', '資金', '調達']",15,0
275,"['JAL', '事業', '本部', '再編', '組織', '改定', '発表', '航空', '運送', '事業', 'LCC', '本', '成長', '領域', 'マイレージ・ライフスタイル', '事業', '本部']",17,0
276,"['宿泊', '施設', '選び', '重視', 'ポイント', '巣ごもり', '要素', '個室', '食事', '貸切', '風呂', '関心', '上昇', '\u3000－', 'JTB', '総研', '調査']",17,0
277,"['星', '竹富', '島', '客室', 'ペットボトル', '入り', 'ミネラル', 'ウォーター', '廃止', '海水', '淡水', '飲料', '自給']",13,1
278,"['一休', 'GoTo', '再開', '予約', '取り直し', '不要', '後日', 'クーポン', '適用']",9,0
279,"['日本人', '国内', '旅行', '消費', '額', '55', '%', '減', '9000', '旅行', '単価', '減少', 'コロナ', '影響', '如実']",15,0
280,"['JR', '東日本', '震災', '節目', '東北', 'キャンペーン', '東北', 'か月', '特別', '列車', '企画', '乗車', '券', '発売']",14,0
281,"['話題', 'SNS', 'クラブハウス', '認知', '37', '%、', '利用', '意向', '世代', '%、', '20', '代', '14', '%', 'コロナ', '禍', 'SNS', '接触', '増加']",19,0
282,"['豪華', '客船', 'クイーン', 'エリザベス', '日本', '発着', '初めて', '短期', 'クルーズ', '2022', '運航']",11,0
283,"['東京', '行く', '旅', '富士山', '麓', '広大', '森', '佇む', 'デザイン', 'ホテル']",10,0
284,"['ウェディング', '足元', '飾る', '注目', 'シューズ']",5,0
285,"['話題', '棟', '貸し', '富士山', '麓', '森', '囲ま', 'デザイン', 'ホテル']",9,0
286,"['手軽', '取り入れ', '栄養素', '酸化', '免疫', '向上']",6,0
287,"['休日', 'ブランチ', 'まね', '英国', '王室', '流', 'パンケーキ', '楽しみ']",8,0
288,"['グウィネス・パルトロウ', '学ぶ', 'コロナ', '禍', '増え', '体重', '落とし']",7,0
289,"['セザール', '賞', '飾る', 'ブラック', 'ドレス', '歴史', '知っ']",7,0
290,"['差', 'カップル', 'セザール', '賞', '登場', '歴代', 'カップル']",7,0
291,"['八ヶ岳', '民家', '宿', '農家', '暮らし', '体感', 'しよ']",7,1
292,"['屋敷', 'リノベーション', '歴史', '感じる', '上質', 'こもり', '宿', '選']",8,1
293,"['自宅', '鑑賞', '有名', '写真', 'モノクロ', '写真', '展']",7,0
294,"['送迎', 'トゥクトゥク', 'ノスタルジック', '港町', '棟', '貸し', '宿']",7,0
295,"['今夜', '新月', '向け', '浄化', 'タイミング', 'おすすめ', '過ごし']",7,0
296,"['ニューヨーク', '地下鉄', '皮肉', 'たっぷり', '標識', '効果']",6,0
297,"['切り', 'っぱなし', 'ボブ', 'ベリー', 'ショート', '......', '気分', '一新', '旬', 'ヘアスタイル', '選']",11,0
298,"['口内', '環境', '整え', '免疫', '強化', 'おすすめ', 'アイテム']",7,0
299,"['ハリー', '王子', '夫妻', 'インタビュー', '英国']",5,0
300,"['ハリー', '王子', '夫妻', 'インタビュー', '父', 'チャールズ', '皇太子', '反応', '...']",9,0
301,"['ゴミ', '分別', '楽しく', 'デンマーク', '標識', 'なんと', '91', '種']",8,0
302,"['いまどき', 'ワンマイルウエア', 'ルール']",3,0
303,"['イギリス', '音楽', '協会', '動かし', 'リナ', 'サワ', 'ヤマ', '功績']",8,0
304,"['日本', '食材', '美味', '発見', 'イタリアン', '恵比寿', '発見']",7,0
305,"['貧困', '移民', '差別', '最新', '映画', '見え', '現代', 'アメリカ', '生きる', '人々', '姿']",11,0
306,"['末永く', '...', '落とし穴', '長続き', 'カップル', '秘訣']",6,0
307,"['早く', '女王', '威厳', 'キュート', 'スウェーデン', '王女', '写真', '公開']",8,0
308,"['日本人', '割', 'ビタミン', 'D', '不足', '大丈夫']",6,0
309,"['死ぬ', '泊まっ', '自然', '囲ま', '心', '解放', '絶景', 'ホテル']",8,0
310,"['東京', '旅', 'バワ', '建築', '魅せ', '甦っ', 'シック', '民家', '宿']",9,0
311,"['相手', '気分', '害さ', 'メール', '断る', '心構え', '伝授']",7,0
312,"['エマ', 'ワトソン', '引退', '報道', 'エージェント', '否定', '本人']",7,0
313,"['旅', '家具', '道具', '80', '集う', '骨董', 'ヤエカ']",7,0
314,"['ハリー', '王子', '夫妻', '主要', '言い分', '16', '項目']",7,0
315,"['週末', 'トリップ', '千葉', '異国', '情緒', '薫る', 'オーシャンビュー', '別荘']",8,0
316,"['あり', 'イタリア', '流', 'ユーモア', '満点', '標識', '選']",7,0
317,"['生理', '膣', 'トレ', 'セクシャルウェルネス', 'フェムテック', 'もっと', '楽しく']",7,0
318,"['ミスフランス', 'なり', '青年', '夢', '叶う']",5,0
319,"['エロス', '表現', '縫合', '写真', 'アンディ', 'ウォーホル', '撮影', '55']",8,0
320,"['妊娠', 'おしゃれ', 'エミリー', 'ラタコウスキー', 'マタニティ', '姿']",6,0
321,"['パラサイト', '愛', '不時着', '梨', '泰', '院', 'クラス', '続く', '韓国', '映画', '注目']",11,0
322,"['フランス', '聞い', 'テレ', 'ワーク', 'ちょっぴり', '幸せ']",6,0
323,"['体外', '受精', '実施', '件数', '世界一', '日本', '出産', '率']",8,0
324,"['まるで', 'ミステリー', '84', '夫', '殺さ', '女性', '貴重', '公開', '写真']",9,0
325,"['アメリカ', '話題', 'なっ', '22', '日本', '女性', '目指す']",7,0
326,"['泊まり', '日本', '建築', 'ホテル', '選']",5,0
327,"['トン', 'フランス', 'コスメ', '廃棄', 'ストップ', '策']",6,0
328,"['最新', '映画', '知り', '多様', 'ジェンダー', '表現']",6,0
329,"['リピート', 'カレー', '進化', '東京', 'ネパール', '料理']",6,0
330,"['トランスジェンダー', '女優', '語っ', '女らし', 'なにか']",5,0
331,"['ナタリア', 'ヴォディアノヴァ', '生理', 'タブー', '撤廃', '目指す']",6,0
332,"['描き', '下ろし', '増補', '竹', '宮', '惠子', '漫画', 'エルメス', '再び']",9,0
333,"['和歌山', '本宮', '食堂', 'ゲストハウス', '運営', '森岡', '雅勝', '田舎', '世界', '遺産']",10,1
334,"['海', '山', '囲ま', '三重', '尾鷲', '活躍', '豊田', '宙', '也', '転換期', '迎え', '今後']",12,1
335,"['奈良', '吉野', '地域おこし', '協力', '隊員', '菊地', '奈々', '地域', '案内', 'ソト', 'モノ', '地域', '繋ぐ', '架け橋']",14,1
336,"['コロナ', '禍', '加速', '働き', '変化', '追い風', '山形', '長井', '挑戦', '副業', '人材', '活用']",12,1
337,"['300', '紡い', '丹後', 'ちり', 'めん', '未来', 'つなげる', '伝統', '革新', 'モノ', 'づくり', '関わ', '与謝野', '暮らし', '魅力']",15,1
338,"['風景', '失い', '日本一', '短い', '定期', '航路', '船頭', '急募', '古い', '町並み', '取組み', '進む', '呉', '音戸']",14,1
339,"['奈良', 'へそ', '黒滝', '吉野', '杉', '透かし', '彫り', '工芸', '継承', '森', '守り', '伝統', '受け継ぐ', '仕組み']",14,1
340,"['協力', '隊', '募集', '二本松', '岳温泉', '地域', '活躍', '方々', 'お話', '伺っ']",10,1
341,"['能登半島', '輪島', '朝市', '女性', 'サードプレイス', '1000', '歴史', '見え', '未来', '課題']",10,1
342,"['和歌山', '美浜', 'カナダ', '移民', '歴史', 'アメリカ', '移住', '増え', '理由']",9,1
343,"['廃校', '活用', '自然', '食', '体験', '施設', 'ユクサ', 'すみ', '海', '学校', '広がる', '地域', 'づくり']",13,1
344,"['ハンター', '養成', '講座', '好評', '地域', '課題', '掛け算', '首都', '圏', '地方', 'ニーズ', '繋ぐ', '南', '房総', '２', '拠点', 'ハンターズハウス']",17,1
345,"['日本', '各地', '伝統', '織物', '取り入れ', 'アクセサリー', 'ORIORINO', 'かわいい']",8,1
346,"['移住', '探し', '旅', '紆余曲折', '下田', '移住', '４', '一家', '振り返る']",9,1
347,"['SAKURA', 'CHILL', 'HOME', 'ホーム', 'メイド', '花見', 'いかが', 'クラ', 'ファン', '実施']",10,1
348,"['震災', 'ボランティア', 'づくり', '気仙沼', '次世代', '育てる', '学び', '仕掛け']",8,1
349,"['東日本', '大震災', '機', '生まれ', '世界', '家具', 'メーカー', '石巻', '工房', '拠点']",10,1
350,"['タコス', 'むん', '沖縄', '独自', '進化', '遂げ', 'ふたつ', '文化']",8,0
351,"['長崎', '美術館', '公共', '焦点', '当て', '隈', '研', '吾', '規模', '個展', '開催']",11,0
352,"['震災', '陸前高田', '見つめ', 'アーティスト', '描く', '未来']",6,0
353,"['ジャパン', 'メイド', 'こだわる', 'ウェア', 'ブランド', 'PRISTINE', '着心地', '抜群', 'スポーツ', 'ウェア', '誕生']",11,0
354,"['公務員', '観光', 'ぶどう', '農園', '継', '業', '家族', '移住', '実現']",9,1
355,"['テレワーク', '移住', '需要', '見据え', 'リニューアル', 'いばらき', '移住', '定住', 'ポータルサイト', 'Re', ':', 'BARAKI']",12,1
356,"['アラスカ', 'ふれ', 'わかっ', '日本', '四季', '風', '雨', '気持ちいい', '土地', '決め']",10,1
357,"['ふたり', '好き', 'なっ', '丘', '一軒家', 'レストラン', 'Garden', 'Restaurant', 'Fathers']",9,1
358,"['アイヌ', '文化', '触れる', '展覧', '渋谷', 'MIYASHITA', 'PARK', '開催']",8,0
359,"['光り輝く', 'ノド', 'グロ', '丼', '魚', '天国', '島根', '浜田', 'いただき']",9,0
360,"['栃木', '裏', '那須', 'Chus', '６', '周年', '食', '集う', 'ワークショップ', '目白押し', 'Something', 'nice', '!」', '開催']",14,0
361,"['東日本', '大震災', 'きっかけ', '北海道', '移住', '振り返っ', '思う']",7,0
362,"['旅', '絶対', '買い求める', '本', 'かたい', 'パン', 'ワケ', '自宅', '大好き']",9,1
363,"['味噌', '醤油', '醸造', '倉庫', 'リノベーション', 'カフェ', '併設', '複合', '型', 'シェア', 'オフィス']",11,1
364,"['会え', '別府', '温泉', 'ポスト', '投函', '型', '湯の花', '送ろ']",8,0
365,"['ケーキ', 'SDGs', '!?', '地域おこし', '協力', '隊', 'まち', 'SDGs', '取り組み']",9,1
366,"['11', 'アーティスト', ':', '想像', '水戸', '芸術', '館', '開催', '７', '組', 'アーティスト', '東日本', '大震災', '作品', '展示']",15,0
367,"['多', '島', '美', '眺め', '走れる', 'トレランコース', '観光', '走る', 'ちょうど', 'いい']",10,0
368,"['商店', '街', '空き', '店舗', '横浜', '古い', '商店', '街', 'シェア', 'キッチン', '生まれる']",11,1
369,"['地域', '課題', '解決', '先端', '地域', '学ん', '人口', 'まず', '歓迎', '人口']",10,1
370,"['肥料', '育て', 'イチゴ', 'ちの', 'イチゴ', '営業']",6,1
371,"['日々', '食卓', '楽し', '旬', '野菜', '取り寄せ']",6,0
372,"['JINS', '社長', '私財', '投入', 'ローカル', '拠点', 'ホテル', '再生', '理由']",9,1
373,"['古い', '建物', '壊し', 'いい', '残し', 'いい', '設計', '出し', '答え']",9,0
374,"['応募', '３月', '５', '移住', '希望', 'サポート', '京都', '魅力', '伝える', '京都', '移住', 'コンシェルジュ', 'なり']",13,1
375,"['書く', '仕事', '努力', '必要', '作文', '相談']",6,0
376,"['人間', '中心', '地球', '中心', '日本', '全国', '地域', '奇跡', '三田', '愛', '地球', 'コクリ', '始め', '理由']",14,1
377,"['ソーヤー', '海', '直伝', '豊か', '暮らし', 'パーマカルチャーデザイン', '実現', '後編']",8,0
378,"['ソーヤー', '海', '直伝', '豊か', '暮らし', 'パーマカルチャーデザイン', '実現', '前編']",8,0
379,"['やり', 'しようが', '建設', '機械', 'メーカー', 'コマツ', 'ピースウィンズ・ジャパン', 'つながり', '実現', '入ら', '医療', '物資', '支援']",13,0
380,"['文章', '悩み', 'どしどし', '寄せ', 'ください', 'グリーンズメンバー', '寄り添い', '解決', '導く', '作文', '相談', '連載', '始め']",13,0
381,"['身近', 'エディブルフラワー', '季節', 'つかまえる', '梅', '花', '塩漬け', 'つくり']",8,0
382,"['等身', '大', 'クリエイティブ', 'まち', '栃木', 'あっ', '下野', 'づくり', '取り組む', 'コミュニティ', 'エディター', '意義', '#', '仲間', '募集']",15,1
383,"['未来', '働き', '向け', '未来', '学び', 'ティール', '組織', '嘉村', '賢', '州', 'ば', '大学', '信岡', '良', '亮', '考え', '後編']",17,1
384,"['日本', '教育', '周', '遅れ', 'ティール', '組織', '第一人者', '嘉村', '賢', '州', '聞く', '未来', '働き', '向け', 'これから', '学び', '前編']",17,0
385,"['東日本', '大震災', '映画', '発酵', '民', '学ぶ', '変化', '続ける', '意味']",9,0
386,"['グリーンズ', '学校', '待ち合わせ', '場所', 'コミュニティ・オーガナイジング', '教室', '講師', '笠井', '成樹', 'インタビュー']",10,1
387,"['お金', '自由', '廃材', 'エコヴィレッジ', 'ゆるゆる', '傍', '嶋', '飛', '龍', '対話', '後編']",11,1
388,"['お金', '自由', '廃材', 'エコヴィレッジ', 'ゆるゆる', '傍', '嶋', '飛', '龍', '対話', '前編']",11,1
389,"['常食', 'つくっ', '安心', '増やす', '炒り', '玄米', 'つくり', 'かた']",8,0
390,"['捨てる', '肌', 'オン', 'マイクロ', 'プラスチック', '出さ', 'コーヒースクラブ', 'つくり']",8,0
391,"['組織', 'フラット', '仲間', '成長', 'ホステル', '業界', '牽引', 'Backpackers', 'Japan', '新しい', 'チャレンジ']",11,0
392,"['外出', 'でき', '自然', 'つなが', 'かも', '長く', 'なっ', '地球', '心地よく', '過ごせる', '考え', '実践']",12,0
393,"['大地', '呼吸', '不全', '起こし', 'いる', '未曾有', '被害', '受け', '林業', '会社', '乗りだす', '自然', 'みずから', '蘇る', '生かし', '開発']",16,0
394,"['正解', '正義', '項', '対立', 'ない', 'NVC', '観点', 'ソーシャルジャスティス', '考え', '大事', '社会', 'デザイン', 'しよ']",13,1
395,"['壁', 'ぶち壊せ', '心', '見え', 'ない', '壁', '乗り越える']",7,0
396,"['地域', '魅力', '紡ぎ', '現す', 'クリエイティブ', 'ディレクター', '巽', '奈緒子']",8,1
397,"['森林', '効果', '使っ', '産業', '創出', '地方', '豊か', '挑戦']",8,1
398,"['なぜ', '好き', '仕事', 'いけ']",4,0
399,"['地域', '仕事', 'キャリア', '地方', '創', '生', '仕事', '人材', '要件']",9,1
400,"['東京', '62', '市町村', '代表', '特産', '勢ぞろい', '東京', '特産', '販売', 'TOKYO', 'GIFTS', '62', 'オープン']",13,0
401,"['地域', '現場', '見る', '地方', '創', '生', '働き', '改革', 'これから']",9,1
402,"['お供', 'くらし', 'EC', 'サイト', 'オープン']",5,0
403,"['アファン', '森', 'ホース', 'ロギング', '視察', '体験', 'モニター', 'ツアー', '参加', '募集']",10,0
404,"['700', 'ホテル', 'NIPPONIA', '小菅', '源流', '棟', '崖', 'オープン']",8,1
405,"['11', '\u3000#', '見せ', '東北', '写真', '募集']",6,0
406,"['気仙沼', '大島', '大橋', '渡っ', '大島', '行こ']",6,1
407,"['高校生', '取材', '沿岸', '日本一', '低い', '山', '日和山']",7,1
408,"['草生津', '川', '訪れ', '秋田']",4,0
409,"['高校生', '取材', '沿岸', '汚水', '逆流', '防い', '仙台', '影', '功労', '南', '蒲生', '浄化', 'センター']",13,1
410,"['高校生', '取材', '沿岸', 'm', '津波', '来', '仙台', '港', '太平洋', 'フェリー']",10,0
411,"['高校生', '取材', '沿岸', '津波', '被災', 'キリンビール', '仙台', '工場', '強化', '災害', '備え']",11,0
412,"['東北大', '発', '油', '混ざり', '合う', '臨界', '切り', '拓く', 'づくり', '世界', 'スーパーナノデザイン']",11,0
413,"['福島', '沖', '地震', '最大', '震度', '観測', '郷里', '相馬', '街']",9,0
414,"['津波', '泳い', '逃げ', '馬', '震災', '経', '再開', '仙台', '海岸', '公園', '馬術', '復興', '道のり']",13,0
415,"['販売', '継続', '野辺地', '銘菓', 'ジャステラ', '根強い', '人気', '秘訣']",8,0
416,"['マツコ', 'デラックス', '絶賛', '日本', '最強', '納豆', '納豆', '試し']",8,0
417,"['スタンフォード', '大学', '保管', '大正', '昭和', '初期', '陸軍', '測量', '分の', '１', '地図', '見る']",12,0
418,"['来', '催し', 'イベント', '情報', '2017', '11', '12', 'まとめ', '2017', 'スキー', 'オープン', '予定']",12,0
419,"['遊園', '八戸', '遊園', 'こども', 'くに', 'アトラクション', '予想', '件']",8,0
420,"['緑', 'LIZZA', 'coffee', '&', 'curry', 'オシャレ', '美味い', '少し', '大人', 'カレー', 'デザート']",11,0
421,"['出身', 'ワイン', '醸造', '応援', 'しよ', 'アタマイビレッジワイン', '愉し', '夕べ', '開催']",9,0
422,"['桜', '街', '弘前', '家具', '職人', '作る', '赤ちゃん', '身長', '残せる', '積み木', 'Baby', 'Tall', 'ベビートール']",13,0
423,"['県民', '肉', '食え', '上質', '肉', '手軽', '食べ', '肉', 'バル', '５', '２', '９', '独占', '取材']",14,0
424,"['2017', '今年', '開催', 'アスパム', 'まつり', '食べ物', '遊び場', 'レビュー']",8,0
425,"['垣根', '越え', '最近', 'だい']",4,0
426,"['やっ', 'ぱりいごくはいごくでした']",2,0
427,"['12', 'オレンジ', 'カフェ', '以和貴']",4,0
428,"['自転車', 'いわき', 'もっと', '楽しく']",4,1
429,"['バックナンバー', '紙', 'ごく', '臨時', '増刊', '号']",6,0
430,"['ごく', 'フェス', '２', '０', '２', '０', '開催', '決定']",8,0
431,"['結ぶ', 'バック']",2,0
432,"['生き', '行く', '死ん', '行く']",4,0
433,"['シニア', 'ポートレート', '撮影', '今年', '開催']",5,0
434,"['シルリハ', '暑', '負け']",3,0
435,"['トイボ', '乗っ', 'お出かけ']",3,0
436,"['健康', 'づくり']",2,0
437,"['白河', '防災', '復興', '高校生', '伝える', 'パンフレット', '配付', 'DL', 'リンク', 'あり']",10,0
438,"['しま', 'スタディツアーガイド', '2016', '公開']",4,0
439,"['ヨリ', 'ミチ', '出張', '版', 'あん', 'バター', '山田', 'パン']",8,0
440,"['ヨリ', 'ミチ', '出張', '版', '生水', '羊羹', '菓子', '舗玉家']",8,0
441,"['ヨリ', 'ミチ', '出張', '版', 'アズキ', 'キャンデー', '野村']",7,0
442,"['ヨリ', 'ミチ', '出張', '版', 'きつね', '温泉', 'まんじゅう', '坂', '本屋', '本店']",10,0
443,"['ヨリ', 'ミチ', 'Drop', 'in', 'Shirakawa', 'Vol', '完成']",7,0
444,"['もっと', '思い', '通り', '楽しむ', 'ちゃっ', '制服', '委員', '挑戦']",8,0
445,"['ヨリ', 'ミチ', 'Drop', 'in', 'Shirakawa', 'Vol', '完成']",7,0
446,"['つなぐ', '場所', '二本松', '地域おこし', '協力', '隊', '武藤', 'カフェ', 'SIRo', '開く']",10,1
447,"['高崎', '倉賀野', '老舗', '菓匠', '作る', '歴史', '文化', '伝える', '和菓子']",9,1
448,"['Mar', '.]', 'Schedule', 'of', 'Cinematheque', 'Takasaki']",6,0
449,"['高崎', '本郷', '夜空', '照らす', '希望', '華', '花火', '師', '描く', '地域', '風景']",11,1
450,"['Feb', '.]', 'Schedule', 'of', 'Cinematheque', 'Takasaki']",6,0
451,"['高崎', '下里見', '榛名', '山麓', '自然', '育む', '食', '暮らし', '未来']",9,1
452,"['Jan', '.]', 'Schedule', 'of', 'Cinematheque', 'Takasaki']",6,0
453,"['残', '12', '地域', '皆', 'お祝い', 'しよ', '令和', '成人', '花火', '祝う', 'CF']",11,0
454,"['高崎', '旭', '繋い', '名店', '聞く', '１', '０', '０', '周年', '区切り', '始まり']",11,1
455,"['Dec', '.]', 'Schedule', 'of', 'Cinematheque', 'Takasaki']",6,0
456,"['高崎', 'あら', '歴史', '糸', '繋ぐ', '絆', '煎餅', '伝える', '想い']",9,1
457,"['和', '暮らし', 'in', '民家', '割烹', 'ひよ']",6,1
458,"['サバソニ', '主催', '伊東', 'オレンジビーチゴミ', '拾い', '参加', 'レポ']",7,0
459,"['うず', '定食', '海鮮', 'みぞ', '丼', '伊東', '駅', '伊豆', '鮮魚', '商', 'まる', 'ローカルフィッシュ', '食べ', '食堂', '居酒屋']",15,0
460,"['レポ', '伊東', '子育て', '支援', '産後', 'ケア', '事業', 'デイサービス', '体験']",9,0
461,"['12', 'サンデーキネマーケット', '行っ']",3,0
462,"['café', 'TATI', 'sweets', 'café', 'SALVADOR', '行っ']",6,0
463,"['伊東', '宇佐美', 'のぼる', '行っ']",4,0
464,"['ロゴ', 'お話']",2,0
465,"['天下', '奇', '祭', '伊東', '温泉', '尻', 'つみ', '祭り', '2018', 'レポ']",10,0
466,"['一体', 'オノズカラシカルサイト', '説明']",3,0
467,"['農業', '人手', '不足', 'マッチング', 'マニュアル', '解消', '株式会社', 'アグリ', 'トリオ']",9,1
468,"['東海', '地方', '不動産', '注目', 'エリア', '大曽根']",6,0
469,"['東海', '地方', '不動産', '注目', 'エリア', '池下']",6,0
470,"['日本', '舞踊', '家元', '考案', '効果', 'エクササイズ', '一般', '社団', '法人', '日本', '舞踊', 'スポーツ', '科学', '協会']",14,0
471,"['美濃和', '紙', '会社', '経営', '立て直し', '観光', '業', '参入', '地域', '活性', '丸', '重', '製紙', '企業', '組合']",15,1
472,"['東海', '地方', '不動産', '注目', 'エリア', '本山']",6,0
473,"['東海', '地方', '不動産', '注目', 'エリア', '八事']",6,0
474,"['東海', '地方', '不動産', '注目', 'エリア', '覚王山']",6,0
475,"['東海', '地方', '出店', '靴', '専門', 'オフプライスストア', 'シューズ', 'ラウンジ', 'ららぽーと', '名古屋', 'みなと', 'アクルス']",12,0
476,"['東海', '地方', '不動産', '注目', 'エリア', '金山']",6,0
477,"['インスタユーザー', '選ぶ', 'テイクアウト', '選']",4,0
478,"['流', 'ウーバーイーツ', 'イートホーム', '始まっ']",4,0
479,"['愛する', 'リピーター', '地元民', '聞い', 'おすすめ', 'テイクアウト', '６', '選']",8,0
480,"['サマーショートトリップ', 'NO', 'RAIN', ',', 'NO', 'RAINBOW']",6,0
481,"['はこ', '互助', 'ハウス', 'ハニコム', 'オープン']",5,0
482,"['モード', '昔ながら', '美容', '良', '織り', '交ぜ', 'ヘアサロン', 'オープン']",8,0
483,"['噴水', '広場', '期間', '限定', 'オープン', '遊び', '楽しい', '中央公園']",8,0
484,"['コロナ', '生活', 'もたらし', '\u3000～', '猫又']",5,0
485,"['コロナ', '生活', 'もたらし', '\u3000～', 'M']",5,0
486,"['ちょっと', '贅沢', '料亭', '割烹', 'テイクアウトグルメ']",5,0
487,"['珠洲', '500', '経', '甦っ', '幻', '陶']",6,1
488,"['14', 'JOIN', '移住', '交流', '地域おこし', 'フェア', '出展']",7,0
489,"['終了', 'いし', 'オンライン', 'セミナー', '変わる', '暮らし', '働き', '参加']",8,0
490,"['終了', '19', '地域おこし', '協力', '隊', '募集', 'セミナー', '参加']",8,1
491,"['能登半島', '北限', '構える', '網', '海', '生きる', '～／', '小', '泊', '号', '定置', '網', '株式会社']",13,0
492,"['重要', '新型', 'コロナ', 'ウイルス', '感染', '症', '対策']",7,0
493,"['物件', 'No', '279', '能登', '民家', '風', 'コンパクト', '平屋', '物件']",9,0
494,"['自然', '生き方', '見つける', '能登', '森林', '組合', '珠洲', '支所']",8,0
495,"['伝統', '工芸', '美味しい', '料理', '珠洲', '魅力', '伝えよ', '民家', 'レストラン', '典座']",10,0
496,"['終了', 'オンライン', '全国', '移住', 'フェア', '参加']",6,1
497,"['循環', '生態', '構築', '工', '藝', '森']",6,0
498,"['かめ', 'おか', '霧', '芸術', '祭', '開催']",6,0
499,"['Things', '‒', '工芸', '覗く', '未来', '向け', '鞍', '田', '崇', '中村', '裕', '太', '米', '原', '有二', '事前', '座談']",17,0
500,"['ネクストジェネレーション', '森', '俊', '山', '森', '俊次', '世代']",7,0
501,"['ネクストジェネレーション', '俊', '山', '窯', '高本', '鈴', '乃']",7,0
502,"['暮らし', '工芸', '齋田石', '材', '齋田隆', '朗', '日々']",7,0
503,"['古谷', '宣幸', '窯', '展', '京都', 'ほん']",6,0
504,"['古川', '莉恵', '加藤', '千佳', '展', 'Sophora', 'Shop', '&', 'Gallery']",9,0
505,"['先端', 'づくり', '伝統', '産業', 'テーマ', 'オンライン', 'トーク', 'セミナー', '開催']",9,0
506,"['Philippe', 'Weisbecker', 'Inside', 'Japan', 'フィリップ・ワイズベッカー', '日本', '展', '竹中', '大工', '道具', '館']",11,0
507,"['ツワノアーカイブプロジェクトー', 'まち', '面影', '探し', '行こ']",5,0
508,"['解体', '作業', '進行', '旅館', '改修', 'プロジェクト']",6,0
509,"['津和野', '入り口', '作る', '旅館', '改修', 'プロジェクト', '始まり']",7,1
510,"['ふるさと', '納税', '支援', '守れる', '笑顔', '命', 'つなぐ', '子ども', '宅', '食', 'リアル']",11,0
511,"['ふるさと', '納税', '自然', 'やさしい', 'これから', '農業', '在り方']",7,1
512,"['ふるさと', '納税', '特別', '栽培', '米', 'ヘルシー', '氣米', '美味し', '秘密']",9,0
513,"['ふるさと', '納税', '都市', '農村', '課題', '同時に', '解決', '津和野', 'ふるさと', '納税', '活用', 'クラ', 'ファン', '挑戦']",14,1
514,"['オンライン', '挑戦', '機会', 'スープ', '開催', 'レポート']",6,0
515,"['スープ', 'オンライン', '開催', '間近', 'なり']",5,0
516,"['津和野', 'テイクアウト', '情報', 'まとめ', '&', '募集']",6,0
517,"['稲田', '関東', '煮', 'ついに', '復活', '天満屋', '福山', '限定', '販売', '密着']",10,1
518,"['FUKUYAMA', 'MONO', 'SHOP', '地元', '企業', 'オリジナル', '商品', '集め', 'セレクト', 'ショップ', '福山', 'づくり', '知っ', 'もらえる', '場所']",15,1
519,"['かみ', 'てつ', '青果', '地元', '野菜', 'タップリ', '品数', '豊富', '弁当', 'スープ', 'カレー', '生産', '思い', '消費', '伝える', '架け橋']",16,1
520,"['北木島', '石', '生きる', '人々', 'つくっ', '独特', '景観', '魅力', '笠岡', '諸島', '最大', '島']",12,1
521,"['いろは', '丸', '展示', '館', '坂本', '龍', '馬', '鞆', '浦', '訪れ', '幕末', 'いろは', '丸', '事件', '現代', '伝える', '資料', '館']",18,1
522,"['尾道', 'ラーメン', '尾道', '駅', '隣', '尾道', 'ラーメン', '専門', '熱々', 'ストレート', 'スープ', 'こだわり']",12,0
523,"['稲田', '復活', '老舗', '海産', '珍味', '阿', '藻', '珍味', '郷土', '味', '守る', '奮闘']",12,1
524,"['books', '&', 'gallery', '羅', '秀', '夢', '70', '住宅', 'リノベーション', '誕生', '本', '出会う', '拠点']",13,1
525,"['洋風', '居酒屋', 'Palcuore', '美味しい', '料理', 'ドリンク', '楽しめる', 'おしゃれ', 'バル', '大長', 'レモン', 'モリンガ', '注目']",13,0
526,"['ルオント', '野菜', '本来', '味', '楽しめる', '自家製', '野菜', '堪能', '自然', '栽培', '野菜', 'ナチュラル', 'ワイン', '注目', 'イタリア', '料理']",16,0
527,"['オミラボ', '福山', '北部', 'コワーキングスペース', '地域', 'ハブ', '施設', '目指し']",8,1
528,"['福', '禅', '寺', '対', '潮', '楼', '眺め', '日本一', '景観', '賞賛', '絶景', '坂本', '龍', '馬', 'いろは', '丸', '事件', '談判', '寺']",19,0
529,"['レポート', '地主', '麻衣子', 'Brain', 'Symphony', '#']",6,0
530,"['波田野', '州', '平', '映像', 'みん', '採集', '\u3000#', '14', '清谷', '市場', '食堂']",11,0
531,"['シンポジウム', 'クリエイティビティ', '活かし', '地域', '創造', '次元', '14', ':', '00', '17', ':', '30']",12,0
532,"['野田', '邦弘', '先生', '離', '鳥', '記念', '企画', '最終', '講義', '記念', '対談', '16', ':', '30', '16', ':', '00']",17,0
533,"['レポート', '地主', '麻衣子', 'Brain', 'Symphony', '#']",6,0
534,"['?!', 'サークル', 'とっ', 'とり', '版', '?!', 'ハンドブック', 'つくる', 'WS', '&', 'プロジェクト']",11,0
535,"['トット', '美術館', 'プロジェクト', '表現', '表現', '味わう', '地続き', 'オンライン', 'トーク']",9,0
536,"['鳥取', '県立', '美術館', '伝える', 'マガジン', 'Pass', 'me', '!』', '03', '号', '発行']",11,0
537,"['レポート', '上映', '映画', '愛', '現在', '星', '蒐']",7,0
538,"['トットツアー', 'vol', '建築', '菊竹', '清', '訓', '建築', '訪れる', '米子', '編', '12', '19', '松江', '編', '21']",15,0
539,"['Bar', 'Style', '鳥取', '駅前', '体験', '飲み', '優しい', 'Bar', '鳥取']",9,0
540,"['610', 'キッチン', '倉庫', 'リノベ', 'おしゃれ', 'カフェ', '620', 'バーガー', '食', '北栄']",10,1
541,"['ビアホフ', 'ガンバリウス', '大山', 'G', 'ビール', '最高', '楽しめる', '飲み', '放題', 'ビアレストラン', '伯耆']",11,0
542,"['cafe', '七草', 'のどか', '田舎', '楽しめる', '素敵', '民家', 'カフェ', '南部']",9,1
543,"['山', 'ぱん', '工房', 'ハード', 'パン', '伯耆大山', '駅', 'オープン', '米子']",9,0
544,"['天', 'ころ', 'テイクアウト', '美味しい', '揚げ物', 'コナンロード', '食べ', '歩き', '北栄']",9,0
545,"['ノーム', '糸車', '地元', '食材', 'ぎっしり', 'ｸﾗｯｼｭﾅｯﾂﾊﾞｰｶﾞｰ', '南部']",7,1
546,"['手打ち', 'うどん', '醍醐', '足踏み', 'コシ', '強い', 'うどん', '大人気', '名和']",9,0
547,"['HANACOCO', 'ハナココ', '素敵', '焼き', '菓子', 'オープン', '境港']",7,0
548,"['スイング', 'カフェ', 'ベタ', '踏み', '坂', '粋', 'カフェ', '境港']",8,0
549,"['鳥取', '繁華', '街', '弥生', 'コロナ', '苦境', '立つ', 'スナック', '経営', '聞く']",10,0
550,"['砂丘', 'ラベンダー', '栽培', '６', '産業', '美容', '師', 'ヘア', 'ケア', '商品', '開発']",11,0
551,"['森林', '制度', '税金', '環境', '時代']",5,0
552,"['鳥取', '森林', '管理', 'システム', '推進', 'センター', '全貌', '迫る']",8,0
553,"['自然体', '経営', '組織', '活力', '江戸', '時代', '続く', '老舗', '酒蔵', '稲田', '本店']",11,0
554,"['夜', '⿃取砂', '丘', '舞台', 'AR', '⽉⾯都', '体験', 'プロジェクト', '|', '１', '⽉', '実証', '実験', '合計', '80', '宇宙', '⾶⾏⼠', '募集']",18,0
555,"['株式会社', '光和', '～「', '見え', '抜か', '積み重なる', '実績', '信頼']",8,0
556,"['鳥取', 'YouTube', '登録', '1000', 'チャンネル']",5,0
557,"['NPO', '法人', '学生', '人材', 'バンク', '迫る', '人材', 'バンク', '見据える', '未来', '後編']",11,0
558,"['NPO', '法人', '学生', '人材', 'バンク', '迫る', '人材', 'バンク', '事業', '前編']",10,0
559,"['高松', 'トキワ', '街', '商店', '街', '活性', '核', 'ジャスコ', '跡地', 'いよいよ', '着工', '段階', '地上', '１', '８', '階', '建て', '98', '戸', '大型', 'タワー', 'マンション', '建設', '四国旅客鉄道', '阪急', '阪神', '不動産']",27,1
560,"['ＮＹ', 'タイムズ', '認め', '美し', '紫雲出山', '桜', 'シーズン', 'マイカー', '入山', '必ず', '事前', '予約']",12,0
561,"['古き', '良き', '日本', '交流', '再び', '≪', '高松', 'まちなか', '幼', '複合', '施設', '番', '丁', 'スクエア', '４月', '１', 'オープン', '≫']",18,1
562,"['香川', '宇多津', '四国', '水族館', 'オンライン', '遠足', '大阪', '子ども', 'VR', '体験']",10,1
563,"['香川', '発', '産業', '息吹', '香川', 'テックプラングランプリ', '最優秀', '賞', '受賞', '知事', '報告']",11,1
564,"['香川', '綾川', '拠点', 'サンテックラーニングセンター', '日本', '代表', 'モノ', 'づくり', '企業', '挑戦']",10,1
565,"['ブーム', '生み出す', 'ローカル', '魅力', '発信', 'いく', 'コラム']",7,1
566,"['企業', '価値', '向上', 'もはや', '必須', '株価', '影響', '健康', '経営', '優良', '法人', '認定', '法人', '発表']",14,0
567,"['気分', '換える', '素敵', '船旅', '演出', 'ワーケーション', '人気', '高松', '女木', '男木', '島', '新船', 'おん', 'コロナ', '対策', '特', '装備', '投入']",18,1
568,"['民家', '住居', 'リノベ', '情報', 'フリー', 'ペーパー', '集約', '中古', '住宅', '市場', '活性', '職人', '応援', '\u3000~', '㈱', 'ｔａｏ']",16,0
569,"['農', '泊', '発祥', '安心院', 'NGT', '安部', '元昭', '発信', '世代', 'つなげ', '宿泊', 'スロー', 'フード', '体験']",14,1
570,"['リモート', 'ワーク', '変わる', 'これから', '働き', '遠隔', '業務', '分散', '型', '実践', '須賀', '大介', '考え']",13,1
571,"['種', '先人', '残し', 'くれ', '大切', '贈り物', '未来', '受け継ぐ', '加藤', '挑戦']",10,0
572,"['やっぱり', '食べる', '楽しい', '笑顔', '集まっ', '軒下', '感謝', '祭', 'レポート']",9,0
573,"['長崎', '漁師', '茂木', '誕生', 'ホテル', '海', '地域', 'まるごと', 'ホテル', '発想', '挑む', '住み', '続け', 'まち', 'あり方']",15,1
574,"['人気', '立ち', '飲み', '展開', '落水', '氏', '密', '避け', '仕掛け', '博多', 'まち', 'づくり', 'ミート', 'アップ', 'Vol', '22', '動画', '配信', '届け']",19,1
575,"['12', '23', 'アナバナ', '軒下', '感謝', '祭', '開催']",7,0
576,"['愛す', '変', '街', '行き交う', '港', '場所', '門司', '港', 'ゲストハウス', 'PORTO', '菊池', '勇太', 'アイデア', '源']",14,1
577,"['クール', 'ファッション', '熱い', '大牟田', '愛', '忍ば', 'クリエイター', '岡村', 'しんし', '着る', '地域', '復興', '支援']",13,1
578,"['安心', '院', 'ぶどう', '旬', 'ぶどう', '農家', '多様', '加工', '手掛ける', 'ドリームファーマーズ', 'JAPAN', '宮田', '挑戦']",13,0
579,"['いやし', 'うれし']",2,0
580,"['佐賀', '大学', '共同', '研究', '発表', '開催']",6,0
581,"['2017', '終わり', '2018', '始まり']",4,0
582,"['茶畑', '味わう', '天', '茶']",4,0
583,"['景勝', '有効', '活用', '轟の滝']",4,1
584,"['佐賀', '大生', '嬉野', '振興', 'プラン', '発表']",6,0
585,"['橋立', '旅館', '再生']",3,0
586,"['佐賀', '大学', '産学', '官', '連携']",5,0
587,"['茶畑', 'ごはん', 'イートリップ']",3,0
588,"['Human', 'Support', '津', '梁', '貿易', '30', '代', 'トップ', '対談', 'アフリカ', 'ビジネス', '第一人者', '金城', '氏', '沖縄', '共に', '事業', '始動']",18,0
589,"['世界', '注目', '沖縄', 'LIBERTY', 'FORCE', '沖縄', '注ぎ', '続ける', '照屋', '健太郎']",10,0
590,"['おき', 'マグネット', '企画', '！「#', '残し', '沖縄', 'エッセイ', 'まとめ']",8,0
591,"['民家', '泊まろ', '島', '生活', '共に', '伊江島', '泊', '旅']",8,1
592,"['里', '出身', '芸人', '里', 'すけ', '行く', 'SHURIPPON', 'グランプリ', 'in', 'おき', 'マグネット']",11,0
593,"['偏愛', '疲れ', '心', 'エネルギー', '与える', '書店', 'ブンコノブンコ', '伝える', '個人', '出版', '本', '魅力']",12,0
594,"['サイ', '探偵', '団', '新年', '突撃', 'リポート', '結成', '秘話', '今後', '野望', '給料', '事情']",12,0
595,"['休日', 'サッカー', '観戦', '行こ', '沖縄', 'FC', '琉球', 'ホーム', 'ゲーム', '体験', '記', 'チケット', '選び方', 'タピック', 'やご', 'スタジアム', '楽しみ']",17,0
596,"['km', '圏内', '20', '軒', '石垣島', '鮮魚', '多い', '謎', '沖縄', '離島', '突撃', 'レポート']",12,0
597,"['沖縄', '暮らし', '自然', '接続', 'チルアウト', '空間', 'GO', 'OUT', 'CAMP', 'RYUKYU']",10,1
598,"['より', 'ダイナミック', '視点', '沖縄', '経済同友会', '次期', '振', '計', '提言']",9,0
599,"['ムーチー', 'コロナ', 'やっつける', '知ら', '桃太郎', '繋がり']",6,0
600,"['県内', '就職', '意識', '調査', '結果', '学生', '団体', 'CEO×', 'プロアライアンス']",9,0
601,"['琉球', '甘み', '楽しむ', '那覇', 'まんじゅう']",5,0
602,"['連載', '小説', '宮城', '亜', '茶', '生活', '意見']",7,0
603,"['発', '沖縄', '密着', '型', 'アイドル', 'Ka', 'Chun', 'from', '琉球', 'アスティーダ', '誕生']",11,0
604,"['伝統', '芸能', '直面', '苦難', '国立', '劇場', 'おき', 'コロナ', '禍', '模索', '展望']",11,0
605,"['県内', '変異', '株', '確認', '２', '種類', '８', '判明']",8,0
606,"['照屋', '義実', '氏', '知事', '就任']",5,0
607,"['観光', 'ビジネス', '拠点', 'ワーケーション', '沖縄']",5,0
608,"['より', 'ダイナミック', '視点', '沖縄', '経済同友会', '次期', '振', '計', '提言']",9,0
609,"['ムーチー', 'コロナ', 'やっつける', '知ら', '桃太郎', '繋がり']",6,0
610,"['県内', '就職', '意識', '調査', '結果', '学生', '団体', 'CEO×', 'プロアライアンス']",9,0
611,"['琉球', '甘み', '楽しむ', '那覇', 'まんじゅう']",5,0
612,"['連載', '小説', '宮城', '亜', '茶', '生活', '意見']",7,0
613,"['発', '沖縄', '密着', '型', 'アイドル', 'Ka', 'Chun', 'from', '琉球', 'アスティーダ', '誕生']",11,0
614,"['伝統', '芸能', '直面', '苦難', '国立', '劇場', 'おき', 'コロナ', '禍', '模索', '展望']",11,0
615,"['県内', '変異', '株', '確認', '２', '種類', '８', '判明']",8,0
616,"['照屋', '義実', '氏', '知事', '就任']",5,0
617,"['観光', 'ビジネス', '拠点', 'ワーケーション', '沖縄']",5,1
618,"['速報', '渋野', '日向子', '67', '通算', 'アンダー', '上位', '戦線']",8,0
619,"['ポケモン', '25', '周年', '記念', 'ポケモン', 'GO', 'ポケモンカードゲーム', 'コラボ', '決定', '弾', '今夏', 'ウィロー', '博士', 'ポケモンカード', '登場']",15,0
620,"['吉田', '鋼', '太郎', '62', '女児', '誕生', '新しい', '命', '誕生', '歓び', '責任', 'おり']",12,0
621,"['福原', '愛', '夫', '江', '氏', '声明', '誤っ', 'ゴシップ', '断言']",9,0
622,"['東京', 'ワクチン', '配布', 'まず', '世田谷', '八王子']",6,0
623,"['東北新社', '放送', '外資', '規制', '違反', '武田', '総務', '相']",8,0
624,"['Starship', 'テスト', '飛行', '着陸', '成功', '爆発']",6,0
625,"['焦点', '楽観', '砕い', 'コロナ', '変異', '種', '免疫', '仮説', '抜本', '修正', '必要']",11,0
626,"['福岡', '歳児', '餓死', '親族', '引き取り', '相談', '児', '相', '会見', '公表']",10,0
627,"['PCIe', 'SSD', 'スピード', 'Core', 'H', '35', '快適', '新型', 'VAIO', 'Z', '徹底', '解説', '後編', 'ページ']",14,0
628,"['サラー', '代理人', '意味', '深', 'ツイート', 'チェルシー', '戦', '交代', '直後', '投稿', '内容']",11,0
629,"['東京', '株式', '大幅', '安', '米', '株', '下落', '輸出', '株', '売り', '前場', '差', '替']",13,0
630,"['１', '３', '緊急', '事態', '宣言', '延長', '政府', '決定', '２', '１', '２', '週間']",12,0
631,"['福島', '19', '新型', 'コロナ', '感染', '確認', '郡山', '11', '福島', '３']",10,0
632,"['イタリア', '新型', 'コロナ', 'ワクチン', '輸出', '差し止め', 'EU', '初めて']",8,0
633,"['襲撃', '情報', '議会', '周辺', '厳戒', '態勢', '武装', '組織', '計画', '情報']",10,0
634,"['ショート', '本', '中日', '根尾', '昂', 'なぜ', '突然', '外野', '起用', 'べた', '褒め', '与田', '監督', '思惑', '小西', '斗', '真']",17,0
635,"['静岡放送', 'FRIDAY', '報道', '謝罪']",4,0
636,"['外為', '107', '後半', '下げ渋り', '中値', '偏り', 'なし', '声']",8,0
637,"['中国', '21', '成長', '目標', '%', '全人代', '開幕', '写真', '=', '共同']",10,0
638,"['接待', 'NTT', '社長', '国会', '招致', '検討']",6,0
639,"['夫婦', '別姓', '自民', '検討', 'PT', '設置']",6,0
640,"['脳性', 'まひ', '患う', '女性', '刺さ', '死亡']",6,0
641,"['ひとこと', 'お礼', '消防', '再会']",4,0
642,"['スマホ', 'プラン', 'FC', '退会', 'リスク']",5,0
643,"['負傷', '景勝', '17', 'キロ', '痩せる']",5,0
644,"['終値', '65', '安', '8864']",4,0
645,"['内閣', '官房', 'コロナ', '残業', '378', 'h']",6,0
646,"['みずほ', 'デジタル', '口座', '移行', '延期']",5,0
647,"['GoTo', 'トラベル', '全国', '停止', '継続']",5,0
648,"['文字', '提供', '終了', 'JR', '東']",5,0
649,"['ウィズ', 'コロナ', '時代', '人口', '地方', '創', '生', '③', '副業', '兼業', '人材', '流動', '地域', '活性', 'Times', '(', 'グローカルミッションタイムズ']",17,0
650,"['地方', '創', '生', 'SDGs', '官民', '連携', 'プラットフォーム', 'WakeAi', 'ワケアイ', '参加']",10,0
651,"['ヨクト', '内閣', '運営', '地方', '創', '生', 'SDGs', '官民', '連携', 'プラットフォーム', '一員']",11,0
652,"['地方', '創', '生', 'EXPO', '出展', 'オンライン', 'ライブ', '配信', '実施', '24', '26', '千葉']",12,0
653,"['イベント', '情報', 'fabbit', 'Conference', '地方', '創', '生', 'スタート', 'アップ', '自治体', '描く', 'ビジネス', 'モデル', '25', '開催']",15,0
654,"['地方', '創', '生', 'SDGs', 'セミナー', '令和', '時代', '地方', '創', '生', 'SDGs', '描く', 'サステナブル', '未来', '予想', '図', '開催']",17,0
655,"['地方', '創', '生', 'SDGs', '推進', '施策', 'NTT', 'グループ', '取組み', '展望', '題し', '内閣', '北', '廣', '氏', 'NTT', '吉原', '氏', 'ドコモ', '有田', '氏', 'セミナー', 'ＳＳＫ', 'セミナー', 'ルーム', '開催', '!!']",27,0
656,"['盛岡', '駅', '西口', '地方', '創', '生', '賃貸', 'マンション', '建設', '着手']",10,0
657,"['自治体', '向け', 'サービス', 'サテライト', 'オフィス', '誘致', '移住', '促進', '支援', '地方', '創', '生', 'プロジェクト', '始動']",14,0
658,"['活力', '地域', 'づくり', 'MaaS', '幕張メッセ', '地方', '創', '生', 'EXPO', '開催']",10,0
659,"['エネ', '地方', '創', '生', '挑む', '地域', '電力', '供給', '開始', '出資', '県内', '企業']",12,0
660,"['三重', '多気', '地方', '創', '生', '商業', '施設', '開業', 'HIS', '系列', '宿泊', '施設', 'オープン']",13,0
661,"['中村', '雅俊', '70', 'BS', 'テレ', '東新', '番組', 'MC', 'テーマ', '地方', '創', '生']",12,0
662,"['茨城', '行方', 'モリサワ', '地方', '創', '生', 'ＳＤＧs', '推進', '目指し', '連携', '協力', '包括', '協定', '締結', '伴う', 'オンライン', '調印', '開催']",18,0
663,"['２', '期', '地方', '創', '生', '総合', '戦略', '策定', '駒ケ根', '–', 'Nagano', 'Nippo', 'Web']",13,0
664,"['地域', '創', '生', '総合', '情報', '地域', '67', '号', '特集', '地方', '自治', '３月', '発売']",13,0
665,"['サントリー', '支援', '被災', '３', '地方', '創', '生', '地域', '活性']",9,0
666,"['群馬', '楽天', '地方', '創', '生', '連携', '協定']",7,0
667,"['孤独', '担当', '厚', '労相', '坂本', '地方', '創', '生', '相', '首相', '指名']",11,0
668,"['コロナ', '対策', '地方', '創', '生', '臨時', '交付', 'イルミネーション', '事業', '公用', '車', 'NEWS', 'ポスト', 'セブン']",14,0
669,"['地域', '共', '創', 'プロジェクト', 'Web', 'サイト', '開設']",7,0
670,"['映像', '制作', '地方', '創', '生', '強み', 'DRAWING', 'AND', 'MANUAL', 'スポーツ', '地域', '高める', '魔法', 'かける', 'テーマ', 'トーク', 'イベント', 'LOCOVISION', '開催']",19,0
671,"['南', '都銀', '奈良', '御所', 'みずほ', '銀', '地方', '創', '生', '連携', '協定']",11,0
672,"['地方', '国立', '大', '定員', '増', '容認', '22', '年度', '地方', '創', '生', '寄与', '条件']",13,0
673,"['ANA', '地方', '創', '生', 'ロールモデル', '徳島', 'サテライト', 'オフィス', '紹介', '動画', '放映']",11,0
674,"['広瀬', '知事', '地方', '創', '生', '前進', '定例', '大分', '県議会']",9,0
675,"['基山', '18', '分譲', 'マンション', '地方', '創', '生', 'モデル', '目指す', 'データ', 'マックス', 'NETIB', 'NEWS']",13,0
676,"['イマイチ', '特産', '共通', '問題']",4,0
677,"['最前線', '農業', 'ＩＴ', '学び', '地方', '創', '生', '徳島', '神山', '高校', '科目', '新設', '私立', '高専', '開校', ':', 'その他', '連載', ':', '教育', ':', '教育', '受験', '就活']",24,0
678,"['DMO', 'よろず', '相談', '新設', '観光', 'ベンチャー', '連携', '創', '型', '支援', '強化', '観光', '庁', '課題', '解決', '手法', '定例', '報告']",18,0
679,"['イベント', '情報', '氷見', 'ベンチャー', 'サミット', '開催', 'お知らせ', 'コロナ', '禍', '地方', '創', '生', '富山', '氷見', 'Panasonic', '株式会社', 'ベンチャー', '企業', '16', '社']",20,0
680,"['事業', '創造', '大学院', '大学', '20', '地方', '創', '生', '事業', '創造', 'オンライン', 'セミナー', '開催']",13,0
681,"['WakeAi', '地方', '創', '生', 'SDGs', '官民', '連携', 'プラットフォーム', '参加', '新着', 'トレンド', '22', '時事', 'ドット', 'コム']",15,0
682,"['明治', '安田', '生命', 'Ｊリーグ', '健康', '増進', '地方', '創', '生', '創']",10,0
683,"['淡路島', '地域', '創', '生', '整備', 'クラウドファンディング', '活用', 'バルニバービ']",8,0
684,"['アングル', '統合', '地銀', '補助', '厳格', '運用', '求める', '声', '問わ', '監督', '姿勢']",11,0
685,"['地方', '創', '生', '事業', '１', '０', '０', '０', '寄付', '岩手', '盛岡', '|', 'IBC', 'NEWS']",14,0
686,"['あめ', 'デザイン', '株式会社', '地方', '創', '生', 'コマースプラットフォーム', 'cocodake', '飛騨', 'エリア', '本格', '運用', '開始']",13,0
687,"['地方', '創', '生', '不動産', '情報', 'サービス', 'アットホーム', '地域', '共', '創', 'プロジェクト', '本格']",12,0
688,"['鬼', '北', '発展', '日本', '郵便', '協定', '締結']",7,0
689,"['地方', '創', '生', '支援', '日本', 'M', '&', 'amp']",8,0
690,"['地方', '再生', '創', '生', '203', '防災', '災害', '対応', '必要', '地域', '日体大', '理事', '長', '松浪', '健四郎']",15,0
691,"['日本旅行', '人事', '異動', '付', '–', '旅行', '業界', '航空', '業界', '最新', '情報', '航空', '社']",13,0
692,"['地方', '創', '生', 'パートナーズネットワーク', '企業', '観光', '庁', '連携', '観光', '地域', 'づくり', '支援', 'オンライン', '商談', '開催', '訪日', 'ラボ', '参画']",18,0
693,"['がん', '研', '支援', '継続', '知事', '鶴岡', '市長', '要望', '山形']",9,0
694,"['失敗', '研究', '地方', '創', '生', 'なぜ', 'うまく', 'いか', 'JBpress']",9,0
695,"['地方', '創', '生', 'SDGs', '国際', 'フォーラム', '地方', '創', '生', 'SDGs', '深化', '向け', '国内外', '連携', '通じ', '持続', '発展', '向け', '取組', '加速', '開催', '報告', '|', 'SUSTAINABLE', 'BRANDS', 'JAPAN']",26,0
696,"['地方', '創', '生', 'テレ', 'ワーク', '事例', '紹介', '北見', '無料', 'オンライン', 'セミナー', '26', '開催']",13,0
697,"['令和', '12', '16', 'まち', '創', '生', '会議', '|', '令和', '|', '総理', '|']",12,0
698,"['地方', '創', '生', 'ESG', '投資', '引き込め']",6,0
699,"['INCLUSIVE', '株式会社', '内閣', '地域', '創', '生', 'SDGs', '官民', '連携', 'プラットフォーム', '参画', '地域', '活性', '向け', '取り組み', '強化', '図る']",17,0
700,"['教育', '玩具', '輸入', '開発', '販売', 'あそび', '環境', '開発', '行う', '株式会社', 'ボーネルンド', 'スポーツ', 'ビジネス', 'トータル', 'プランニング', '行う', '株式会社', 'トリデンテ', '事業', '提携']",20,0
701,"['地方', '創', '生', '見直し']",4,0
702,"['チャリロト', '伊', '東温泉', '競輪', '施設', '所有', 'なり']",7,0
703,"['地方', '創', '生', '政策', 'アイデア', 'コンテスト', '最終', '審査', '九州', '沖縄', 'ブロック', '選出', 'ファイナリスト', '結果', '発表']",15,0
704,"['三重', '多気', '大型', '商業', 'リゾート', '施設', 'VISON', 'オープン', '三重', '故郷', '創', '生', 'プロジェクト', '日本', '食', '文化', '提供']",17,0
705,"['政府', '地方', '移住', 'テレワーク', '推進', '創', '生', '戦略', '改定', '議論']",10,0
706,"['検索', '曲', '旅人', '有線', '放送', '問い合わせ', 'ランキング', '全国', '位', '獲得']",10,0
707,"['里', '100', '選', '地図', 'ない', '天空', '応援', 'SDGs', 'オンライン', 'ツアー']",10,0
708,"['地方', '創', '生', '政策', 'アイデア', 'コンテスト', '九州', '経済', '産業', '局長', '賞', '決定']",12,0
709,"['化粧', 'ベンチャー', 'バルクオム', '株式会社', '刀', '資本', '提携']",7,0
710,"['地方', '創', '生', '臨時', '交付', '積み増し', '政府', 'コロナ', '拡大']",9,0
711,"['ZOOM', '取材', '可', '12', '(', ')', '地方', '起業', 'めざす', '人材', '地方', '創', '生', '最先端', '自治体', '共同', '研究', '成果', '発表']",19,0
712,"['地方', '創', '生', '現在地', '分散', '進ん', '東京', '極', '集中', '菅', '政権', '発足', ']']",13,0
713,"['国内', '最高', '層', '木造', 'ビル', '国際', '認証', '取得', '仙台', '駅', '東口']",11,0
714,"['地方', '創', '生', '身', '焦がす', '日経', 'ビジネス', '電子', '版']",9,0
715,"['Biz', 'Create', '日本', 'ビジネス', '変える', '地方銀行', '共に', '歩む', 'SMBC', '挑戦']",10,0
716,"['生き抜く', '地域', '企業', '見る', 'with', 'コロナ', '時代', '地方', '創', '生', 'Times', '(', 'グローカルミッションタイムズ']",13,0
717,"['基調', '講演', '坂本', '内閣', '特命', '担当', '大臣', '登壇', '決定', '参加', '募集', '27', '開催', '!!', '地方', '創', '生', 'ベンチャー', 'サミット', 'supported', 'by', 'KDDI']",22,0
718,"['新型', 'コロナ', '対策', '自治体', '支援', '地方', '創', '生', '臨時', '交付', '大阪', '最多']",12,0
719,"['行方', 'モリサワ', '地方', '創', '生', 'SDGs', '推進', '目指し', '連携', '協力', '包括', '協定', '締結']",13,0
720,"['村民', '商品', '券', '２', '上小阿仁']",5,0
721,"['地方', '創', '生', '臨時', '交付', 'サポート', 'サービス', '地方', '創', '生', '100', 'プロジェクト', 'スタート', 'コロナ', '地域', '経済', '再生', 'サポート']",18,0
722,"['地方', '創', '生', 'アート', 'クリエイティビティ', '促進', '宮崎', '地域', '商社', '12', 'オンライン', 'トーク', 'セッション', '無料', '配信']",15,0
723,"['年度', '地方', '創', '生', 'SDGs', '官民', '連携', 'プラットフォーム', 'マッチング', 'イベント', '登壇']",11,0
724,"['地方', '国立', '大', '22', '年度', '定員', '増', '地方', '創', '生', '戦略', '改定']",12,0
725,"['人口', 'ウィズ', 'コロナ', '時代', '人口', '地方', '創', '生']",8,0
726,"['地方', '創', '生', '政策', 'アイデア', 'コンテスト', '近畿', '経済', '産業', '局']",10,0
727,"['フラー', 'KDDI', '地方', '創', '生', '推進', '業務', '提携', '締結']",9,0
728,"['地方', '創', '生', '女性', '重要', '坂', '担当', '相', '中家', '全中', '会長', '会談']",12,0
729,"['内閣', '地方', '創', '生', '推進', '事務', '局', '発表', '地域', '未来', '構想', '20', '参考', '活動', 'コミュニティ', 'ナース', '紹介']",17,0
730,"['廃校', '活用', '自然', '食', '体験', '施設', 'ユクサ', 'すみ', '海', '学校', '広がる', '地域', 'づくり']",13,1
731,"['起業', '目線', 'サポート', '体制', '整う', 'まるまる', 'もり', 'プロジェクト']",8,1
732,"['平内', '駅前', 'U', 'ターン', '営む', 'パン', '移住', '農家', 'コラボ', '商品', '販売']",11,1
733,"['暮らす', '場所', 'ぶん', '豊か', '日本一', '取り組む', '子育て']",7,1
734,"['森林', '効果', '使っ', '産業', '創出', '地方', '豊か', '挑戦']",8,1
735,"['地域', '現場', '見る', '地方', '創', '生', '働き', '改革', 'これから']",9,1
736,"['ふるさと', '納税', '返礼', '森', '地域', '日本', '元気', '長野', '信濃', '森林', 'セラピー']",11,1
737,"['野根川', '保全', '海陽', '東洋', '連携', '南', '四国', '活性', 'プロジェクト']",9,1
738,"['村民', 'ゾンビ', 'ユニーク', '興し', 'ゾンビ', 'コスゲ']",6,1
739,"['締め切り', '迫る', '地銀', 'データ', '分析', 'アプローチ', '検討', 'せよ']",8,1
740,"['データ', '利', '活用', '地銀', '課題', '解決', 'サンカク', 'オンライン', '開催']",9,1
741,"['世界', '暮らし', '営み', '受け継い', 'いく', '世界', '農業', '遺産']",8,1
742,"['福島', 'オーガニックコットン', 'あかり', '灯す', 'コットン', 'ランプ', 'シェード', 'プロジェクト']",8,1
743,"['東京', '62', '市町村', '代表', '特産', '勢ぞろい', '東京', '特産', '販売', 'TOKYO', 'GIFTS', '62', 'オープン']",13,1
744,"['お供', 'くらし', 'EC', 'サイト', 'オープン']",5,1
745,"['地域', 'プロモーション']",2,1
746,"['豊か', '自然', '囲ま', '住まい', '価値', '見つめ', '直す', 'タイニーハウス', '暮らし']",9,1
747,"['まち', 'つない', 'ふるさと', '萩', 'もっと', 'ワクワク', '場所']",7,1
748,"['テレワーク', '三戸', '試し', 'オフィス', '管理', 'すすめる', '戸', '暮らし', '魅力']",9,1
749,"['集い', 'つながる', '場所', '鹿角', 'ボルダリングジム', 'カフェ', 'アンロシェ', 'オープン']",8,1
750,"['首都', '圏', '地元', '親子', '交流', 'きっかけ', 'シナノユキアソビ', '長野', '信濃', '現地', 'ツアー', 'レポート']",12,1
751,"['岩手', '花巻', '食材', 'マッチング', '花', '巻く', '花巻', '岩手', '花巻', '出会う', '～」', '開催', 'イベント', 'レポート']",14,1
752,"['猫', 'アート', '展', '商店', '街', '盛り上げ', '金沢', '横', '安江', '松岡', '作品']",11,1
753,"['愛さ', '１', '０', '周年', 'キャラ', 'チョップ', '節目', '祝う', '記念', '事業', '計画', '人気', '成長', '道外', 'ファン']",15,1
754,"['震災', '無人', 'なっ', '南', '相馬', '小高', '地区', 'ゼロ', 'まち', 'おこし', '実', '結ぶ']",12,1
755,"['明石', '焼き', '家庭', '販路', '拡大', '食', '文化', '見据える', 'あかし', '玉子', '焼', 'ひろめ', '隊', '隊長']",14,1
756,"['意外', '魅力', '生む', '１', '余り', '２', '０', '集客', 'むろと', '廃校', '水族館']",11,1
757,"['通り', '活気', '復活', '起業', '支援', '活動', '沼垂', 'テラス', '商店', '街', 'テラス', 'オフィス']",12,1
758,"['伝統', '旅館', '拠点', 'にぎわい', '地域', '挙げ', '寺子屋', '開催', '松原', '宿', '活性', '協議']",12,1
759,"['外国', '客', '呼び込め', '伝統', '温泉', '街', 'にぎわい', 'WAKUWAKU']",8,1
760,"['記憶', '消え', '廃', '宝', 'もったいない', '思い', '愛', '岐', 'トンネル', '群', '保存', '再生', '委員']",13,1
761,"['ゆっくり', '走る', '電動', 'バス', '住民', '足', '守る', '桐生', '再生']",9,1
762,"['伝統', '景観', '守り', 'ゲストハウス', '再生', '黒江', '町並み', '活かし', '景観', 'づくり', '協定', '黒江', 'ＪＡＰＡＮ']",13,1
763,"['廃校', '拠点', '子ども', '自然', '満喫', '大杉谷', '自然', '学校']",8,1
764,"['団地', '再生', 'ＤＩＹ', 'まち', '元気', '地域', '再生', 'リサーチ']",8,1
765,"['アイデア', '重ね', '温泉', '街', '活気', 'ハットウ・オンパク']",6,1
766,"['生', '音楽', '街', '瀬戸内', '海', '空', '演出']",7,1
767,"['手作り', '映画', '魅力', '発信', '自前', '劇場', 'オープン', 'カミスガプロジェクト']",8,1
768,"['山', 'ステージ', '音楽', '農業', '地域', '活気', 'きみ', 'かげ', '森']",9,1
769,"['徳島', '浮かぶ', '島', '生まれ', '帆布', '鞄']",6,1
770,"['空き家', '+', 'plus', '地域', '空き家', 'わくわく', '発信']",7,1
771,"['東京', '千葉', '南', '房総', '地域', '交流']",6,1
772,"['NPO', '農', '音', '農業', '音楽', '地域', '結ぶ']",7,1
773,"['アート', '地元', '変え', 'いく']",4,1
774,"['民家', 'ゲストハウス', '宿', '地域', '文化', 'ふれあう', '旅', 'づくり']",8,1
775,"['地域おこし', '協力', '隊', '生業', '地方', '社会', '変える', '切り札', '地域おこし', '協力', '隊', 'ご存知']",12,1
776,"['ほんとう', '熊野', '知っ', 'もらっ', '地方', '振興', 'つなげ', '挑む', '地元', 'ガイド', 'コミュニティ']",11,1
777,"['カミイチ', 'かみ', 'クラフト', '地元', 'モノ', 'つなげる', 'クラフト']",7,1
778,"['西', '湘', 'あそぶ', 'あそび', '持っ', 'いる', 'チカラ', '経済', '元気']",9,1
779,"['童心', '蛙', '自然', 'おもい', 'っきり', '遊ぼ', '楽しむ', '方向', '地域', '活性']",10,1
780,"['山形', '屋台', 'ほっと', '横丁', '屋台', 'まち', 'づくり']",7,1
781,"['芦川', 'ぷらす', '双子', '姉妹', '始め', 'おこし', '都会人', 'ふるさと', '作る', 'ムラオコシ']",10,1
782,"['東京', 'はら', 'ゲストハウス', 'ぼり', '堂', 'つながり', 'つどえる', 'バショ']",8,1
783,"['移住', 'カフェ', '日本', '一人口', '少ない', '育っ', '移住', '地域', '住民', 'つなぐ', 'コミュニティ']",11,1
784,['アクション'],1,1
785,"['お手本', 'いる', '神山', 'まち', '学ん', '地域', 'あり方', '鹿児島', '川辺', '生かす']",10,1
786,"['前橋', '白井', 'ホテル', '建築', 'アート', '堪能', 'まち', 'づくり', '拠点']",9,1
787,"['ニュー', 'ノーマル', '生活', '様式', '寄り添う', 'まち', 'スタート', 'アップ']",8,1
788,"['いろ', '山口', '周', '南市', '移住', '始まっ', '地域', '一体', 'づくり']",9,1
789,"['ワーケーション', '検討', 'チェック', '話題', 'ワーケーション', '支援', '自治体', '取り組み', 'まとめ', '東日本', '編']",11,1
790,"['子ども', '出発', '支援', '長期', '欠席', '学校', '社会', '完全', '復帰', '翼', '学園']",11,1
791,"['蔵', '街', '並み', '酒造り', '伝統', '生かす']",6,1
792,"['苗木', '育て', '里山', '花', '名所', '焼津', '山の手', '未来']",8,1
793,"['ミカン', '柱', '地域', 'づくり', '小田原', '柑橘', '倶楽部']",7,1
794,"['温泉', '街', '電気', 'バス', '走る', 'でん', '宇奈月', 'プロジェクト']",8,1
795,"['サボテン', '生産', '量', '日本一', '愛知', '春日井', '市民', 'サボテン', '顔', '洗う', '!?', '市民', '一緒', 'つくっ', '国産', 'サボテンコスメブランド', 'SABO', 'LABO', '誕生']",19,1
796,"['アフター', 'コロナ', '地方', '創', '生', '加速', 'あっ', '驚き', '作戦']",9,1
797,"['オープン', '周年', '迎え', 'ますます', '人気', '高まる', '山形', '河北', 'アンテナショップ', 'くらし']",10,1
798,"['700', 'ホテル', 'NIPPONIA', '小菅', '源流', '棟', '崖', 'オープン']",8,1
799,"['有明海', '臨む', '熊本', '宇土', '自然', 'つくる', 'ふるさと', '景色']",8,1
800,"['繋がり', '生まれる', 'ロックヒルズガーデン', '川崎', '新しい', '集い', '空間']",7,1
801,"['オリーブ', '畑', '美味しい', 'ごはん', 'オキオリーブ', 'ガーデン', 'カフェ', '広がる', 'コミュニティー']",9,1
802,"['都心', '届く', '自然', '茨城', '大子', '滝', '温泉', 'としゃ']",8,1
803,"['五感', '満喫', '福岡', 'うきは', '森', '出会う', 'まち']",7,1
804,"['千葉', '魅力', '触れる', '限定', 'ショップ', '千葉', 'アンテナショップ']",7,1
805,"['カモミール', '畑', '迎える', '癒し', '宿', 'カミツレ', '宿', '寿恵', '荘']",9,1
806,"['紅花', '彩る', '歴史', '育ん', '豊か', '文化', '息づく', '山形', '河北']",9,1
807,"['世界', '農業', '遺産', '認定', '日本', '誇る', 'ふるさと', '暮らし', '高千穂', '郷', '椎葉', '山地', '域']",13,1
808,"['地域', 'はぐくむ', 'づくり']",3,1
809,"['南', '房総', '地域おこし']",3,1
810,"['協力', '隊', '富山', '朝日', '心', '繋がり', '信頼', '大事', 'づくり']",9,1
811,"['移住', '受け入れ', '40', '歴史', 'もつ', '色川', '地区']",7,1
812,"['開拓', '歴史', '感じる', '農業', 'まち', 'まち', '地域おこし']",7,1
813,"['移住', '活躍', '秋田', '大館', '若者', '変わっ', 'いく']",7,1
814,"['シャッター', '通り', '集まる', 'エリア', '変貌', '新潟', '沼垂', 'テラス', '商店', '街', '高岡', 'はつえ', '目指す', '故郷', 'あり', 'かた']",16,1
815,"['アグリ', 'アート', 'Re', ':', 'design']",5,1
816,"['りんご', 'にんにく', 'なく', 'いちご', '川名', '田子', '実践', 'シェア', '始める', '農村', 'ライフ']",11,1
817,"['地産', '素材', '活かし', '葛巻', 'ならでは', 'スイーツ', '味', 'づくり']",8,1
818,"['まち', '観光', '産業', '支える', 'くず', 'まき', '高原', '牧場', '地域', '資源', '活用', '魅力', '向上', '担う']",14,1
819,"['玉山', '地域', '呼び込む', '仕掛け', '募集', '石川', '啄木', 'ふるさと', '玉山', '活動', '盛岡', '地域おこし']",12,1
820,"['伊勢神宮', 'ゆかり', '挑む', '新しい', '伝統', 'づくり', 'プロジェクト']",7,1
821,"['田んぼ', 'アート', 'NEXT', 'つくる', '弥生', '時代', '米どころ', '田舎館', '取り組み']",9,1
822,"['最果て', '始まっ', '最先端', 'プロジェクト', 'ヨソモノ', '漁業', '変える', '漁師', '縁組', '事業']",10,1
823,"['八戸', 'ワイン', '世界', 'これから', '始まる', '八戸', 'ワイン', '産業', '創出', 'プロジェクト']",10,1
824,"['ほしい', '暮らし', 'つくる', '遊休', '不動産', '活用', 'リノベーション', 'まち', 'づくり']",9,1
825,"['地域', 'づくり', '魅せ', '平均', '年齢', '70', '過疎', '地域', 'やってき', '若者', '挑戦']",11,1
826,"['手つかず', '自然', '残る', '本土', '最南端', '南', '大隅', '取り組む', '観光', '福祉']",10,1
